Run	Sample Characteristic[cultivar]	Sample Characteristic Ontology Term[cultivar]	Sample Characteristic[developmental stage]	Sample Characteristic Ontology Term[developmental stage]	Sample Characteristic[organism]	Sample Characteristic Ontology Term[organism]	Sample Characteristic[organism part]	Sample Characteristic Ontology Term[organism part]	Factor Value[developmental stage]	Factor Value Ontology Term[developmental stage]	Factor Value[organism part]	Factor Value Ontology Term[organism part]	Analysed
SRR1619633	B73 inbred line	http://www.ebi.ac.uk/efo/EFO_0007022	6 days after pollination	http://purl.obolibrary.org/obo/PO_0009010	Zea mays	http://purl.obolibrary.org/obo/NCBITaxon_4577	leaf	http://purl.obolibrary.org/obo/PO_0025034	6 days after pollination	http://purl.obolibrary.org/obo/PO_0009010	leaf	http://purl.obolibrary.org/obo/PO_0025034	Yes
SRR1619634	B73 inbred line	http://www.ebi.ac.uk/efo/EFO_0007022	6 days after pollination	http://purl.obolibrary.org/obo/PO_0009010	Zea mays	http://purl.obolibrary.org/obo/NCBITaxon_4577	leaf	http://purl.obolibrary.org/obo/PO_0025034	6 days after pollination	http://purl.obolibrary.org/obo/PO_0009010	leaf	http://purl.obolibrary.org/obo/PO_0025034	Yes
SRR1619635	B73 inbred line	http://www.ebi.ac.uk/efo/EFO_0007022	6 days after anthesis		Zea mays	http://purl.obolibrary.org/obo/NCBITaxon_4577	leaf	http://purl.obolibrary.org/obo/PO_0025034	6 days after anthesis		leaf	http://purl.obolibrary.org/obo/PO_0025034	Yes
SRR1619636	B73 inbred line	http://www.ebi.ac.uk/efo/EFO_0007022	12 days after pollination	http://purl.obolibrary.org/obo/PO_0009010	Zea mays	http://purl.obolibrary.org/obo/NCBITaxon_4577	leaf	http://purl.obolibrary.org/obo/PO_0025034	12 days after pollination	http://purl.obolibrary.org/obo/PO_0009010	leaf	http://purl.obolibrary.org/obo/PO_0025034	Yes
SRR1619637	B73 inbred line	http://www.ebi.ac.uk/efo/EFO_0007022	12 days after pollination	http://purl.obolibrary.org/obo/PO_0009010	Zea mays	http://purl.obolibrary.org/obo/NCBITaxon_4577	leaf	http://purl.obolibrary.org/obo/PO_0025034	12 days after pollination	http://purl.obolibrary.org/obo/PO_0009010	leaf	http://purl.obolibrary.org/obo/PO_0025034	Yes
SRR1619638	B73 inbred line	http://www.ebi.ac.uk/efo/EFO_0007022	12 days after anthesis		Zea mays	http://purl.obolibrary.org/obo/NCBITaxon_4577	leaf	http://purl.obolibrary.org/obo/PO_0025034	12 days after anthesis		leaf	http://purl.obolibrary.org/obo/PO_0025034	Yes
SRR1619659	B73 inbred line	http://www.ebi.ac.uk/efo/EFO_0007022	12 days after anthesis		Zea mays	http://purl.obolibrary.org/obo/NCBITaxon_4577	leaf	http://purl.obolibrary.org/obo/PO_0025034	12 days after anthesis		leaf	http://purl.obolibrary.org/obo/PO_0025034	Yes
SRR1619660	B73 inbred line	http://www.ebi.ac.uk/efo/EFO_0007022	18 days after pollination	http://purl.obolibrary.org/obo/PO_0009010	Zea mays	http://purl.obolibrary.org/obo/NCBITaxon_4577	leaf	http://purl.obolibrary.org/obo/PO_0025034	18 days after pollination	http://purl.obolibrary.org/obo/PO_0009010	leaf	http://purl.obolibrary.org/obo/PO_0025034	Yes
SRR1619661	B73 inbred line	http://www.ebi.ac.uk/efo/EFO_0007022	18 days after pollination	http://purl.obolibrary.org/obo/PO_0009010	Zea mays	http://purl.obolibrary.org/obo/NCBITaxon_4577	leaf	http://purl.obolibrary.org/obo/PO_0025034	18 days after pollination	http://purl.obolibrary.org/obo/PO_0009010	leaf	http://purl.obolibrary.org/obo/PO_0025034	Yes
SRR1619662	B73 inbred line	http://www.ebi.ac.uk/efo/EFO_0007022	18 days after anthesis		Zea mays	http://purl.obolibrary.org/obo/NCBITaxon_4577	leaf	http://purl.obolibrary.org/obo/PO_0025034	18 days after anthesis		leaf	http://purl.obolibrary.org/obo/PO_0025034	Yes
SRR1619663	B73 inbred line	http://www.ebi.ac.uk/efo/EFO_0007022	24 days after anthesis		Zea mays	http://purl.obolibrary.org/obo/NCBITaxon_4577	leaf	http://purl.obolibrary.org/obo/PO_0025034	24 days after anthesis		leaf	http://purl.obolibrary.org/obo/PO_0025034	Yes
SRR1619664	B73 inbred line	http://www.ebi.ac.uk/efo/EFO_0007022	24 days after pollination	http://purl.obolibrary.org/obo/PO_0009010	Zea mays	http://purl.obolibrary.org/obo/NCBITaxon_4577	leaf	http://purl.obolibrary.org/obo/PO_0025034	24 days after pollination	http://purl.obolibrary.org/obo/PO_0009010	leaf	http://purl.obolibrary.org/obo/PO_0025034	Yes
SRR1619665	B73 inbred line	http://www.ebi.ac.uk/efo/EFO_0007022	24 days after anthesis		Zea mays	http://purl.obolibrary.org/obo/NCBITaxon_4577	leaf	http://purl.obolibrary.org/obo/PO_0025034	24 days after anthesis		leaf	http://purl.obolibrary.org/obo/PO_0025034	Yes
SRR1619666	B73 inbred line	http://www.ebi.ac.uk/efo/EFO_0007022	24 days after anthesis		Zea mays	http://purl.obolibrary.org/obo/NCBITaxon_4577	leaf	http://purl.obolibrary.org/obo/PO_0025034	24 days after anthesis		leaf	http://purl.obolibrary.org/obo/PO_0025034	Yes
SRR1619667	B73 inbred line	http://www.ebi.ac.uk/efo/EFO_0007022	30 days after pollination	http://purl.obolibrary.org/obo/PO_0009010	Zea mays	http://purl.obolibrary.org/obo/NCBITaxon_4577	leaf	http://purl.obolibrary.org/obo/PO_0025034	30 days after pollination	http://purl.obolibrary.org/obo/PO_0009010	leaf	http://purl.obolibrary.org/obo/PO_0025034	Yes
SRR1619668	B73 inbred line	http://www.ebi.ac.uk/efo/EFO_0007022	30 days after pollination	http://purl.obolibrary.org/obo/PO_0009010	Zea mays	http://purl.obolibrary.org/obo/NCBITaxon_4577	leaf	http://purl.obolibrary.org/obo/PO_0025034	30 days after pollination	http://purl.obolibrary.org/obo/PO_0009010	leaf	http://purl.obolibrary.org/obo/PO_0025034	Yes
SRR1619669	B73 inbred line	http://www.ebi.ac.uk/efo/EFO_0007022	pollination	http://purl.obolibrary.org/obo/GO_0009856	Zea mays	http://purl.obolibrary.org/obo/NCBITaxon_4577	leaf	http://purl.obolibrary.org/obo/PO_0025034	pollination	http://purl.obolibrary.org/obo/GO_0009856	leaf	http://purl.obolibrary.org/obo/PO_0025034	Yes
SRR1619670	B73 inbred line	http://www.ebi.ac.uk/efo/EFO_0007022	pollination	http://purl.obolibrary.org/obo/GO_0009856	Zea mays	http://purl.obolibrary.org/obo/NCBITaxon_4577	leaf	http://purl.obolibrary.org/obo/PO_0025034	pollination	http://purl.obolibrary.org/obo/GO_0009856	leaf	http://purl.obolibrary.org/obo/PO_0025034	Yes
SRR1619671	B73 inbred line	http://www.ebi.ac.uk/efo/EFO_0007022	anthesis	http://purl.obolibrary.org/obo/PO_0007016	Zea mays	http://purl.obolibrary.org/obo/NCBITaxon_4577	leaf	http://purl.obolibrary.org/obo/PO_0025034	anthesis	http://purl.obolibrary.org/obo/PO_0007016	leaf	http://purl.obolibrary.org/obo/PO_0025034	Yes
SRR1619674	B73 inbred line	http://www.ebi.ac.uk/efo/EFO_0007022	anthesis	http://purl.obolibrary.org/obo/PO_0007016	Zea mays	http://purl.obolibrary.org/obo/NCBITaxon_4577	leaf	http://purl.obolibrary.org/obo/PO_0025034	anthesis	http://purl.obolibrary.org/obo/PO_0007016	leaf	http://purl.obolibrary.org/obo/PO_0025034	Yes
SRR1620828	B73 inbred line	http://www.ebi.ac.uk/efo/EFO_0007022	6 days after pollination	http://purl.obolibrary.org/obo/PO_0009010	Zea mays	http://purl.obolibrary.org/obo/NCBITaxon_4577	internode	http://purl.obolibrary.org/obo/PO_0020142	6 days after pollination	http://purl.obolibrary.org/obo/PO_0009010	internode	http://purl.obolibrary.org/obo/PO_0020142	Yes
SRR1620830	B73 inbred line	http://www.ebi.ac.uk/efo/EFO_0007022	6 days after pollination	http://purl.obolibrary.org/obo/PO_0009010	Zea mays	http://purl.obolibrary.org/obo/NCBITaxon_4577	internode	http://purl.obolibrary.org/obo/PO_0020142	6 days after pollination	http://purl.obolibrary.org/obo/PO_0009010	internode	http://purl.obolibrary.org/obo/PO_0020142	Yes
SRR1620835	B73 inbred line	http://www.ebi.ac.uk/efo/EFO_0007022	6 days after anthesis		Zea mays	http://purl.obolibrary.org/obo/NCBITaxon_4577	internode	http://purl.obolibrary.org/obo/PO_0020142	6 days after anthesis		internode	http://purl.obolibrary.org/obo/PO_0020142	Yes
SRR1620836	B73 inbred line	http://www.ebi.ac.uk/efo/EFO_0007022	6 days after anthesis		Zea mays	http://purl.obolibrary.org/obo/NCBITaxon_4577	internode	http://purl.obolibrary.org/obo/PO_0020142	6 days after anthesis		internode	http://purl.obolibrary.org/obo/PO_0020142	Yes
SRR1620837	B73 inbred line	http://www.ebi.ac.uk/efo/EFO_0007022	6 days after anthesis		Zea mays	http://purl.obolibrary.org/obo/NCBITaxon_4577	internode	http://purl.obolibrary.org/obo/PO_0020142	6 days after anthesis		internode	http://purl.obolibrary.org/obo/PO_0020142	Yes
SRR1620838	B73 inbred line	http://www.ebi.ac.uk/efo/EFO_0007022	12 days after pollination	http://purl.obolibrary.org/obo/PO_0009010	Zea mays	http://purl.obolibrary.org/obo/NCBITaxon_4577	internode	http://purl.obolibrary.org/obo/PO_0020142	12 days after pollination	http://purl.obolibrary.org/obo/PO_0009010	internode	http://purl.obolibrary.org/obo/PO_0020142	Yes
SRR1620839	B73 inbred line	http://www.ebi.ac.uk/efo/EFO_0007022	12 days after pollination	http://purl.obolibrary.org/obo/PO_0009010	Zea mays	http://purl.obolibrary.org/obo/NCBITaxon_4577	internode	http://purl.obolibrary.org/obo/PO_0020142	12 days after pollination	http://purl.obolibrary.org/obo/PO_0009010	internode	http://purl.obolibrary.org/obo/PO_0020142	Yes
SRR1620841	B73 inbred line	http://www.ebi.ac.uk/efo/EFO_0007022	12 days after anthesis		Zea mays	http://purl.obolibrary.org/obo/NCBITaxon_4577	internode	http://purl.obolibrary.org/obo/PO_0020142	12 days after anthesis		internode	http://purl.obolibrary.org/obo/PO_0020142	Yes
SRR1620843	B73 inbred line	http://www.ebi.ac.uk/efo/EFO_0007022	pollination	http://purl.obolibrary.org/obo/GO_0009856	Zea mays	http://purl.obolibrary.org/obo/NCBITaxon_4577	internode	http://purl.obolibrary.org/obo/PO_0020142	pollination	http://purl.obolibrary.org/obo/GO_0009856	internode	http://purl.obolibrary.org/obo/PO_0020142	Yes
SRR1620844	B73 inbred line	http://www.ebi.ac.uk/efo/EFO_0007022	12 days after anthesis		Zea mays	http://purl.obolibrary.org/obo/NCBITaxon_4577	internode	http://purl.obolibrary.org/obo/PO_0020142	12 days after anthesis		internode	http://purl.obolibrary.org/obo/PO_0020142	Yes
SRR1620846	B73 inbred line	http://www.ebi.ac.uk/efo/EFO_0007022	18 days after pollination	http://purl.obolibrary.org/obo/PO_0009010	Zea mays	http://purl.obolibrary.org/obo/NCBITaxon_4577	internode	http://purl.obolibrary.org/obo/PO_0020142	18 days after pollination	http://purl.obolibrary.org/obo/PO_0009010	internode	http://purl.obolibrary.org/obo/PO_0020142	Yes
SRR1620847	B73 inbred line	http://www.ebi.ac.uk/efo/EFO_0007022	18 days after pollination	http://purl.obolibrary.org/obo/PO_0009010	Zea mays	http://purl.obolibrary.org/obo/NCBITaxon_4577	internode	http://purl.obolibrary.org/obo/PO_0020142	18 days after pollination	http://purl.obolibrary.org/obo/PO_0009010	internode	http://purl.obolibrary.org/obo/PO_0020142	Yes
SRR1620849	B73 inbred line	http://www.ebi.ac.uk/efo/EFO_0007022	18 days after anthesis		Zea mays	http://purl.obolibrary.org/obo/NCBITaxon_4577	internode	http://purl.obolibrary.org/obo/PO_0020142	18 days after anthesis		internode	http://purl.obolibrary.org/obo/PO_0020142	Yes
SRR1620898	B73 inbred line	http://www.ebi.ac.uk/efo/EFO_0007022	18 days after anthesis		Zea mays	http://purl.obolibrary.org/obo/NCBITaxon_4577	internode	http://purl.obolibrary.org/obo/PO_0020142	18 days after anthesis		internode	http://purl.obolibrary.org/obo/PO_0020142	Yes
SRR1620900	B73 inbred line	http://www.ebi.ac.uk/efo/EFO_0007022	anthesis	http://purl.obolibrary.org/obo/PO_0007016	Zea mays	http://purl.obolibrary.org/obo/NCBITaxon_4577	internode	http://purl.obolibrary.org/obo/PO_0020142	anthesis	http://purl.obolibrary.org/obo/PO_0007016	internode	http://purl.obolibrary.org/obo/PO_0020142	Yes
SRR1620901	B73 inbred line	http://www.ebi.ac.uk/efo/EFO_0007022	anthesis	http://purl.obolibrary.org/obo/PO_0007016	Zea mays	http://purl.obolibrary.org/obo/NCBITaxon_4577	internode	http://purl.obolibrary.org/obo/PO_0020142	anthesis	http://purl.obolibrary.org/obo/PO_0007016	internode	http://purl.obolibrary.org/obo/PO_0020142	Yes
SRR1620903	B73 inbred line	http://www.ebi.ac.uk/efo/EFO_0007022	24 days after pollination	http://purl.obolibrary.org/obo/PO_0009010	Zea mays	http://purl.obolibrary.org/obo/NCBITaxon_4577	internode	http://purl.obolibrary.org/obo/PO_0020142	24 days after pollination	http://purl.obolibrary.org/obo/PO_0009010	internode	http://purl.obolibrary.org/obo/PO_0020142	Yes
SRR1620904	B73 inbred line	http://www.ebi.ac.uk/efo/EFO_0007022	24 days after pollination	http://purl.obolibrary.org/obo/PO_0009010	Zea mays	http://purl.obolibrary.org/obo/NCBITaxon_4577	internode	http://purl.obolibrary.org/obo/PO_0020142	24 days after pollination	http://purl.obolibrary.org/obo/PO_0009010	internode	http://purl.obolibrary.org/obo/PO_0020142	Yes
SRR1620906	B73 inbred line	http://www.ebi.ac.uk/efo/EFO_0007022	24 days after anthesis		Zea mays	http://purl.obolibrary.org/obo/NCBITaxon_4577	internode	http://purl.obolibrary.org/obo/PO_0020142	24 days after anthesis		internode	http://purl.obolibrary.org/obo/PO_0020142	Yes
SRR1620907	B73 inbred line	http://www.ebi.ac.uk/efo/EFO_0007022	24 days after anthesis		Zea mays	http://purl.obolibrary.org/obo/NCBITaxon_4577	internode	http://purl.obolibrary.org/obo/PO_0020142	24 days after anthesis		internode	http://purl.obolibrary.org/obo/PO_0020142	Yes
SRR1620908	B73 inbred line	http://www.ebi.ac.uk/efo/EFO_0007022	anthesis	http://purl.obolibrary.org/obo/PO_0007016	Zea mays	http://purl.obolibrary.org/obo/NCBITaxon_4577	internode	http://purl.obolibrary.org/obo/PO_0020142	anthesis	http://purl.obolibrary.org/obo/PO_0007016	internode	http://purl.obolibrary.org/obo/PO_0020142	Yes
SRR1620909	B73 inbred line	http://www.ebi.ac.uk/efo/EFO_0007022	30 days after pollination	http://purl.obolibrary.org/obo/PO_0009010	Zea mays	http://purl.obolibrary.org/obo/NCBITaxon_4577	internode	http://purl.obolibrary.org/obo/PO_0020142	30 days after pollination	http://purl.obolibrary.org/obo/PO_0009010	internode	http://purl.obolibrary.org/obo/PO_0020142	Yes
SRR1620910	B73 inbred line	http://www.ebi.ac.uk/efo/EFO_0007022	30 days after pollination	http://purl.obolibrary.org/obo/PO_0009010	Zea mays	http://purl.obolibrary.org/obo/NCBITaxon_4577	internode	http://purl.obolibrary.org/obo/PO_0020142	30 days after pollination	http://purl.obolibrary.org/obo/PO_0009010	internode	http://purl.obolibrary.org/obo/PO_0020142	Yes
SRR1620911	B73 inbred line	http://www.ebi.ac.uk/efo/EFO_0007022	30 days after anthesis		Zea mays	http://purl.obolibrary.org/obo/NCBITaxon_4577	internode	http://purl.obolibrary.org/obo/PO_0020142	30 days after anthesis		internode	http://purl.obolibrary.org/obo/PO_0020142	Yes
SRR1620912	B73 inbred line	http://www.ebi.ac.uk/efo/EFO_0007022	30 days after anthesis		Zea mays	http://purl.obolibrary.org/obo/NCBITaxon_4577	internode	http://purl.obolibrary.org/obo/PO_0020142	30 days after anthesis		internode	http://purl.obolibrary.org/obo/PO_0020142	Yes
SRR1620913	B73 inbred line	http://www.ebi.ac.uk/efo/EFO_0007022	6 days after pollination	http://purl.obolibrary.org/obo/PO_0009010	Zea mays	http://purl.obolibrary.org/obo/NCBITaxon_4577	internode	http://purl.obolibrary.org/obo/PO_0020142	6 days after pollination	http://purl.obolibrary.org/obo/PO_0009010	internode	http://purl.obolibrary.org/obo/PO_0020142	Yes
SRR1620914	B73 inbred line	http://www.ebi.ac.uk/efo/EFO_0007022	6 days after pollination	http://purl.obolibrary.org/obo/PO_0009010	Zea mays	http://purl.obolibrary.org/obo/NCBITaxon_4577	internode	http://purl.obolibrary.org/obo/PO_0020142	6 days after pollination	http://purl.obolibrary.org/obo/PO_0009010	internode	http://purl.obolibrary.org/obo/PO_0020142	Yes
SRR1620915	B73 inbred line	http://www.ebi.ac.uk/efo/EFO_0007022	pollination	http://purl.obolibrary.org/obo/GO_0009856	Zea mays	http://purl.obolibrary.org/obo/NCBITaxon_4577	internode	http://purl.obolibrary.org/obo/PO_0020142	pollination	http://purl.obolibrary.org/obo/GO_0009856	internode	http://purl.obolibrary.org/obo/PO_0020142	Yes
SRR1620916	B73 inbred line	http://www.ebi.ac.uk/efo/EFO_0007022	7 days after sowing		Zea mays	http://purl.obolibrary.org/obo/NCBITaxon_4577	taproot zone 4		7 days after sowing		taproot zone 4		Yes
SRR1620917	B73 inbred line	http://www.ebi.ac.uk/efo/EFO_0007022	3 days after sowing		Zea mays	http://purl.obolibrary.org/obo/NCBITaxon_4577	cortical parenchyma of root		3 days after sowing		cortical parenchyma of root		Yes
SRR1620918	B73 inbred line	http://www.ebi.ac.uk/efo/EFO_0007022	7 days after sowing		Zea mays	http://purl.obolibrary.org/obo/NCBITaxon_4577	taproot zone 3		7 days after sowing		taproot zone 3		Yes
SRR1620919	B73 inbred line	http://www.ebi.ac.uk/efo/EFO_0007022	7 days after sowing		Zea mays	http://purl.obolibrary.org/obo/NCBITaxon_4577	taproot zone 2		7 days after sowing		taproot zone 2		Yes
SRR1620920	B73 inbred line	http://www.ebi.ac.uk/efo/EFO_0007022	3 days after sowing		Zea mays	http://purl.obolibrary.org/obo/NCBITaxon_4577	stele	http://purl.obolibrary.org/obo/PO_0025197	3 days after sowing		stele	http://purl.obolibrary.org/obo/PO_0025197	Yes
SRR1620921	B73 inbred line	http://www.ebi.ac.uk/efo/EFO_0007022	7 days after sowing		Zea mays	http://purl.obolibrary.org/obo/NCBITaxon_4577	taproot zone 2		7 days after sowing		taproot zone 2		Yes
SRR1620922	B73 inbred line	http://www.ebi.ac.uk/efo/EFO_0007022	7 days after sowing		Zea mays	http://purl.obolibrary.org/obo/NCBITaxon_4577	taproot zone 1		7 days after sowing		taproot zone 1		Yes
SRR1620923	B73 inbred line	http://www.ebi.ac.uk/efo/EFO_0007022	7 days after sowing		Zea mays	http://purl.obolibrary.org/obo/NCBITaxon_4577	taproot zone 3		7 days after sowing		taproot zone 3		Yes
SRR1620924	B73 inbred line	http://www.ebi.ac.uk/efo/EFO_0007022	7 days after sowing		Zea mays	http://purl.obolibrary.org/obo/NCBITaxon_4577	taproot zone 3		7 days after sowing		taproot zone 3		Yes
SRR1620925	B73 inbred line	http://www.ebi.ac.uk/efo/EFO_0007022	7 days after sowing		Zea mays	http://purl.obolibrary.org/obo/NCBITaxon_4577	taproot zone 4		7 days after sowing		taproot zone 4		Yes
SRR1620926	B73 inbred line	http://www.ebi.ac.uk/efo/EFO_0007022	7 days after sowing		Zea mays	http://purl.obolibrary.org/obo/NCBITaxon_4577	taproot zone 4		7 days after sowing		taproot zone 4		Yes
SRR1620927	B73 inbred line	http://www.ebi.ac.uk/efo/EFO_0007022			Zea mays	http://purl.obolibrary.org/obo/NCBITaxon_4577	3-7.13				3-7.13		No
SRR1620928	B73 inbred line	http://www.ebi.ac.uk/efo/EFO_0007022	7 days after sowing		Zea mays	http://purl.obolibrary.org/obo/NCBITaxon_4577	taproot zone 2		7 days after sowing		taproot zone 2		Yes
SRR1620929	B73 inbred line	http://www.ebi.ac.uk/efo/EFO_0007022			Zea mays	http://purl.obolibrary.org/obo/NCBITaxon_4577	3-7.1				3-7.1		No
SRR1620930	B73 inbred line	http://www.ebi.ac.uk/efo/EFO_0007022			Zea mays	http://purl.obolibrary.org/obo/NCBITaxon_4577	tc_control_#9				tc_control_#9		No
SRR1620931	B73 inbred line	http://www.ebi.ac.uk/efo/EFO_0007022	LP.07 seven leaves visible stage	http://purl.obolibrary.org/obo/PO_0007063	Zea mays	http://purl.obolibrary.org/obo/NCBITaxon_4577	node 5 of crown root		LP.07 seven leaves visible stage	http://purl.obolibrary.org/obo/PO_0007063	node 5 of crown root		Yes
SRR1620932	B73 inbred line	http://www.ebi.ac.uk/efo/EFO_0007022	LP.07 seven leaves visible stage	http://purl.obolibrary.org/obo/PO_0007063	Zea mays	http://purl.obolibrary.org/obo/NCBITaxon_4577	node 5 of crown root		LP.07 seven leaves visible stage	http://purl.obolibrary.org/obo/PO_0007063	node 5 of crown root		Yes
SRR1620933	B73 inbred line	http://www.ebi.ac.uk/efo/EFO_0007022	7 days after sowing		Zea mays	http://purl.obolibrary.org/obo/NCBITaxon_4577	taproot zone 1		7 days after sowing		taproot zone 1		Yes
SRR1620934	B73 inbred line	http://www.ebi.ac.uk/efo/EFO_0007022	7 days after sowing		Zea mays	http://purl.obolibrary.org/obo/NCBITaxon_4577	taproot zone 1		7 days after sowing		taproot zone 1		Yes
SRR1620935	B73 inbred line	http://www.ebi.ac.uk/efo/EFO_0007022	7 days after sowing		Zea mays	http://purl.obolibrary.org/obo/NCBITaxon_4577	taproot zone 1		7 days after sowing		taproot zone 1		Yes
SRR1620936	B73 inbred line	http://www.ebi.ac.uk/efo/EFO_0007022	7 days after sowing		Zea mays	http://purl.obolibrary.org/obo/NCBITaxon_4577	taproot zone 1		7 days after sowing		taproot zone 1		Yes
SRR1620937	B73 inbred line	http://www.ebi.ac.uk/efo/EFO_0007022	3 days after sowing		Zea mays	http://purl.obolibrary.org/obo/NCBITaxon_4577	stele	http://purl.obolibrary.org/obo/PO_0025197	3 days after sowing		stele	http://purl.obolibrary.org/obo/PO_0025197	Yes
SRR1620938	B73 inbred line	http://www.ebi.ac.uk/efo/EFO_0007022	3 days after sowing		Zea mays	http://purl.obolibrary.org/obo/NCBITaxon_4577	stele	http://purl.obolibrary.org/obo/PO_0025197	3 days after sowing		stele	http://purl.obolibrary.org/obo/PO_0025197	Yes
SRR1620939	B73 inbred line	http://www.ebi.ac.uk/efo/EFO_0007022	3 days after sowing		Zea mays	http://purl.obolibrary.org/obo/NCBITaxon_4577	cortical parenchyma of root		3 days after sowing		cortical parenchyma of root		Yes
SRR1620940	B73 inbred line	http://www.ebi.ac.uk/efo/EFO_0007022	3 days after sowing		Zea mays	http://purl.obolibrary.org/obo/NCBITaxon_4577	cortical parenchyma of root		3 days after sowing		cortical parenchyma of root		Yes
SRR1620941	B73 inbred line	http://www.ebi.ac.uk/efo/EFO_0007022	6 days after sowing		Zea mays	http://purl.obolibrary.org/obo/NCBITaxon_4577	primary root	http://purl.obolibrary.org/obo/PO_0020127	6 days after sowing		primary root	http://purl.obolibrary.org/obo/PO_0020127	Yes
SRR1620942	B73 inbred line	http://www.ebi.ac.uk/efo/EFO_0007022	6 days after sowing		Zea mays	http://purl.obolibrary.org/obo/NCBITaxon_4577	primary root	http://purl.obolibrary.org/obo/PO_0020127	6 days after sowing		primary root	http://purl.obolibrary.org/obo/PO_0020127	Yes
SRR1620943	B73 inbred line	http://www.ebi.ac.uk/efo/EFO_0007022	6 days after sowing		Zea mays	http://purl.obolibrary.org/obo/NCBITaxon_4577	primary root	http://purl.obolibrary.org/obo/PO_0020127	6 days after sowing		primary root	http://purl.obolibrary.org/obo/PO_0020127	Yes
SRR1620944	B73 inbred line	http://www.ebi.ac.uk/efo/EFO_0007022	LP.03 three leaves visible stage	http://purl.obolibrary.org/obo/PO_0007106	Zea mays	http://purl.obolibrary.org/obo/NCBITaxon_4577	stem and shoot apical meristem	http://purl.obolibrary.org/obo/PO_0020148 http://purl.obolibrary.org/obo/PO_0009047	LP.03 three leaves visible stage	http://purl.obolibrary.org/obo/PO_0007106	stem and shoot apical meristem	http://purl.obolibrary.org/obo/PO_0020148 http://purl.obolibrary.org/obo/PO_0009047	Yes
SRR1620945	B73 inbred line	http://www.ebi.ac.uk/efo/EFO_0007022	LP.03 three leaves visible stage	http://purl.obolibrary.org/obo/PO_0007106	Zea mays	http://purl.obolibrary.org/obo/NCBITaxon_4577	stem and shoot apical meristem	http://purl.obolibrary.org/obo/PO_0020148 http://purl.obolibrary.org/obo/PO_0009047	LP.03 three leaves visible stage	http://purl.obolibrary.org/obo/PO_0007106	stem and shoot apical meristem	http://purl.obolibrary.org/obo/PO_0020148 http://purl.obolibrary.org/obo/PO_0009047	Yes
SRR1620946	B73 inbred line	http://www.ebi.ac.uk/efo/EFO_0007022	LP.03 three leaves visible stage	http://purl.obolibrary.org/obo/PO_0007106	Zea mays	http://purl.obolibrary.org/obo/NCBITaxon_4577	stem and shoot apical meristem	http://purl.obolibrary.org/obo/PO_0020148 http://purl.obolibrary.org/obo/PO_0009047	LP.03 three leaves visible stage	http://purl.obolibrary.org/obo/PO_0007106	stem and shoot apical meristem	http://purl.obolibrary.org/obo/PO_0020148 http://purl.obolibrary.org/obo/PO_0009047	Yes
SRR1620947	B73 inbred line	http://www.ebi.ac.uk/efo/EFO_0007022	LP.05 five leaves visible stage	http://purl.obolibrary.org/obo/PO_0007065	Zea mays	http://purl.obolibrary.org/obo/NCBITaxon_4577	tip of leaf	http://purl.obolibrary.org/obo/PO_0025142	LP.05 five leaves visible stage	http://purl.obolibrary.org/obo/PO_0007065	tip of leaf	http://purl.obolibrary.org/obo/PO_0025142	Yes
SRR1620948	B73 inbred line	http://www.ebi.ac.uk/efo/EFO_0007022	LP.05 five leaves visible stage	http://purl.obolibrary.org/obo/PO_0007065	Zea mays	http://purl.obolibrary.org/obo/NCBITaxon_4577	tip of leaf	http://purl.obolibrary.org/obo/PO_0025142	LP.05 five leaves visible stage	http://purl.obolibrary.org/obo/PO_0007065	tip of leaf	http://purl.obolibrary.org/obo/PO_0025142	Yes
SRR1620949	B73 inbred line	http://www.ebi.ac.uk/efo/EFO_0007022	LP.05 five leaves visible stage	http://purl.obolibrary.org/obo/PO_0007065	Zea mays	http://purl.obolibrary.org/obo/NCBITaxon_4577	tip of leaf	http://purl.obolibrary.org/obo/PO_0025142	LP.05 five leaves visible stage	http://purl.obolibrary.org/obo/PO_0007065	tip of leaf	http://purl.obolibrary.org/obo/PO_0025142	Yes
SRR1620950	B73 inbred line	http://www.ebi.ac.uk/efo/EFO_0007022	18 days after pollination	http://purl.obolibrary.org/obo/PO_0009010	Zea mays	http://purl.obolibrary.org/obo/NCBITaxon_4577	pericarp	http://purl.obolibrary.org/obo/PO_0009084	18 days after pollination	http://purl.obolibrary.org/obo/PO_0009010	pericarp	http://purl.obolibrary.org/obo/PO_0009084	Yes
SRR1620952	B73 inbred line	http://www.ebi.ac.uk/efo/EFO_0007022	3 days after sowing		Zea mays	http://purl.obolibrary.org/obo/NCBITaxon_4577	differentiation zone of primary root	http://purl.obolibrary.org/obo/PO_0003015	3 days after sowing		differentiation zone of primary root	http://purl.obolibrary.org/obo/PO_0003015	Yes
SRR1620953	B73 inbred line	http://www.ebi.ac.uk/efo/EFO_0007022	7 days after sowing		Zea mays	http://purl.obolibrary.org/obo/NCBITaxon_4577	root	http://purl.obolibrary.org/obo/PO_0009005	7 days after sowing		root	http://purl.obolibrary.org/obo/PO_0009005	Yes
SRR1620954	B73 inbred line	http://www.ebi.ac.uk/efo/EFO_0007022	7 days after sowing		Zea mays	http://purl.obolibrary.org/obo/NCBITaxon_4577	seminal root	http://purl.obolibrary.org/obo/PO_0000046	7 days after sowing		seminal root	http://purl.obolibrary.org/obo/PO_0000046	Yes
SRR1620955	B73 inbred line	http://www.ebi.ac.uk/efo/EFO_0007022	3 days after sowing		Zea mays	http://purl.obolibrary.org/obo/NCBITaxon_4577	meristematic zone and elongation zone		3 days after sowing		meristematic zone and elongation zone		Yes
SRR1620956	B73 inbred line	http://www.ebi.ac.uk/efo/EFO_0007022	3 days after sowing		Zea mays	http://purl.obolibrary.org/obo/NCBITaxon_4577	differentiation zone of primary root	http://purl.obolibrary.org/obo/PO_0003015	3 days after sowing		differentiation zone of primary root	http://purl.obolibrary.org/obo/PO_0003015	Yes
SRR1620957	B73 inbred line	http://www.ebi.ac.uk/efo/EFO_0007022	7 days after sowing		Zea mays	http://purl.obolibrary.org/obo/NCBITaxon_4577	root	http://purl.obolibrary.org/obo/PO_0009005	7 days after sowing		root	http://purl.obolibrary.org/obo/PO_0009005	Yes
SRR1620959	B73 inbred line	http://www.ebi.ac.uk/efo/EFO_0007022	7 days after sowing		Zea mays	http://purl.obolibrary.org/obo/NCBITaxon_4577	primary root	http://purl.obolibrary.org/obo/PO_0020127	7 days after sowing		primary root	http://purl.obolibrary.org/obo/PO_0020127	Yes
SRR1620960	B73 inbred line	http://www.ebi.ac.uk/efo/EFO_0007022	3 days after sowing		Zea mays	http://purl.obolibrary.org/obo/NCBITaxon_4577	root	http://purl.obolibrary.org/obo/PO_0009005	3 days after sowing		root	http://purl.obolibrary.org/obo/PO_0009005	Yes
SRR1620961	B73 inbred line	http://www.ebi.ac.uk/efo/EFO_0007022	3 days after sowing		Zea mays	http://purl.obolibrary.org/obo/NCBITaxon_4577	root	http://purl.obolibrary.org/obo/PO_0009005	3 days after sowing		root	http://purl.obolibrary.org/obo/PO_0009005	Yes
SRR1620962	B73 inbred line	http://www.ebi.ac.uk/efo/EFO_0007022	3 days after sowing		Zea mays	http://purl.obolibrary.org/obo/NCBITaxon_4577	root	http://purl.obolibrary.org/obo/PO_0009005	3 days after sowing		root	http://purl.obolibrary.org/obo/PO_0009005	Yes
SRR1620963	B73 inbred line	http://www.ebi.ac.uk/efo/EFO_0007022	3 days after sowing		Zea mays	http://purl.obolibrary.org/obo/NCBITaxon_4577	root	http://purl.obolibrary.org/obo/PO_0009005	3 days after sowing		root	http://purl.obolibrary.org/obo/PO_0009005	Yes
SRR1620965	B73 inbred line	http://www.ebi.ac.uk/efo/EFO_0007022	7 days after sowing		Zea mays	http://purl.obolibrary.org/obo/NCBITaxon_4577	primary root	http://purl.obolibrary.org/obo/PO_0020127	7 days after sowing		primary root	http://purl.obolibrary.org/obo/PO_0020127	Yes
SRR1620966	B73 inbred line	http://www.ebi.ac.uk/efo/EFO_0007022	7 days after sowing		Zea mays	http://purl.obolibrary.org/obo/NCBITaxon_4577	primary root	http://purl.obolibrary.org/obo/PO_0020127	7 days after sowing		primary root	http://purl.obolibrary.org/obo/PO_0020127	Yes
SRR1620967	B73 inbred line	http://www.ebi.ac.uk/efo/EFO_0007022	7 days after sowing		Zea mays	http://purl.obolibrary.org/obo/NCBITaxon_4577	seminal root	http://purl.obolibrary.org/obo/PO_0000046	7 days after sowing		seminal root	http://purl.obolibrary.org/obo/PO_0000046	Yes
SRR1620968	B73 inbred line	http://www.ebi.ac.uk/efo/EFO_0007022	3 days after sowing		Zea mays	http://purl.obolibrary.org/obo/NCBITaxon_4577	meristematic zone and elongation zone		3 days after sowing		meristematic zone and elongation zone		Yes
SRR1620969	B73 inbred line	http://www.ebi.ac.uk/efo/EFO_0007022	7 days after sowing		Zea mays	http://purl.obolibrary.org/obo/NCBITaxon_4577	seminal root	http://purl.obolibrary.org/obo/PO_0000046	7 days after sowing		seminal root	http://purl.obolibrary.org/obo/PO_0000046	Yes
SRR1620971	B73 inbred line	http://www.ebi.ac.uk/efo/EFO_0007022	7 days after sowing		Zea mays	http://purl.obolibrary.org/obo/NCBITaxon_4577	root	http://purl.obolibrary.org/obo/PO_0009005	7 days after sowing		root	http://purl.obolibrary.org/obo/PO_0009005	Yes
SRR1620972	B73 inbred line	http://www.ebi.ac.uk/efo/EFO_0007022	3 days after sowing		Zea mays	http://purl.obolibrary.org/obo/NCBITaxon_4577	meristematic zone and elongation zone		3 days after sowing		meristematic zone and elongation zone		Yes
SRR1620973	B73 inbred line	http://www.ebi.ac.uk/efo/EFO_0007022	7 days after sowing		Zea mays	http://purl.obolibrary.org/obo/NCBITaxon_4577	primary root	http://purl.obolibrary.org/obo/PO_0020127	7 days after sowing		primary root	http://purl.obolibrary.org/obo/PO_0020127	Yes
SRR1620974	B73 inbred line	http://www.ebi.ac.uk/efo/EFO_0007022	3 days after sowing		Zea mays	http://purl.obolibrary.org/obo/NCBITaxon_4577	differentiation zone of primary root	http://purl.obolibrary.org/obo/PO_0003015	3 days after sowing		differentiation zone of primary root	http://purl.obolibrary.org/obo/PO_0003015	Yes
SRR1620975	B73 inbred line	http://www.ebi.ac.uk/efo/EFO_0007022	LP.07 seven leaves visible stage	http://purl.obolibrary.org/obo/PO_0007063	Zea mays	http://purl.obolibrary.org/obo/NCBITaxon_4577	node 4 of crown root		LP.07 seven leaves visible stage	http://purl.obolibrary.org/obo/PO_0007063	node 4 of crown root		Yes
SRR1620976	B73 inbred line	http://www.ebi.ac.uk/efo/EFO_0007022	LP.07 seven leaves visible stage	http://purl.obolibrary.org/obo/PO_0007063	Zea mays	http://purl.obolibrary.org/obo/NCBITaxon_4577	node 4 of crown root		LP.07 seven leaves visible stage	http://purl.obolibrary.org/obo/PO_0007063	node 4 of crown root		Yes
SRR1620977	B73 inbred line	http://www.ebi.ac.uk/efo/EFO_0007022	LP.07 seven leaves visible stage	http://purl.obolibrary.org/obo/PO_0007063	Zea mays	http://purl.obolibrary.org/obo/NCBITaxon_4577	node 4 of crown root		LP.07 seven leaves visible stage	http://purl.obolibrary.org/obo/PO_0007063	node 4 of crown root		Yes
SRR1620987	B73 inbred line	http://www.ebi.ac.uk/efo/EFO_0007022	LP.13 thirteen leaves visible stage	http://purl.obolibrary.org/obo/PO_0007083	Zea mays	http://purl.obolibrary.org/obo/NCBITaxon_4577	node 5 of crown root		LP.13 thirteen leaves visible stage	http://purl.obolibrary.org/obo/PO_0007083	node 5 of crown root		Yes
SRR1620988	B73 inbred line	http://www.ebi.ac.uk/efo/EFO_0007022	LP.13 thirteen leaves visible stage	http://purl.obolibrary.org/obo/PO_0007083	Zea mays	http://purl.obolibrary.org/obo/NCBITaxon_4577	above ground node 6 of brace root		LP.13 thirteen leaves visible stage	http://purl.obolibrary.org/obo/PO_0007083	above ground node 6 of brace root		Yes
SRR1620989	B73 inbred line	http://www.ebi.ac.uk/efo/EFO_0007022	LP.07 seven leaves visible stage	http://purl.obolibrary.org/obo/PO_0007063	Zea mays	http://purl.obolibrary.org/obo/NCBITaxon_4577	nodes 1 to 3 of crown root		LP.07 seven leaves visible stage	http://purl.obolibrary.org/obo/PO_0007063	nodes 1 to 3 of crown root		Yes
SRR1620990	B73 inbred line	http://www.ebi.ac.uk/efo/EFO_0007022	LP.07 seven leaves visible stage	http://purl.obolibrary.org/obo/PO_0007063	Zea mays	http://purl.obolibrary.org/obo/NCBITaxon_4577	nodes 1 to 3 of crown root		LP.07 seven leaves visible stage	http://purl.obolibrary.org/obo/PO_0007063	nodes 1 to 3 of crown root		Yes
SRR1620991	B73 inbred line	http://www.ebi.ac.uk/efo/EFO_0007022	LP.07 seven leaves visible stage	http://purl.obolibrary.org/obo/PO_0007063	Zea mays	http://purl.obolibrary.org/obo/NCBITaxon_4577	nodes 1 to 3 of crown root		LP.07 seven leaves visible stage	http://purl.obolibrary.org/obo/PO_0007063	nodes 1 to 3 of crown root		Yes
SRR1620992	B73 inbred line	http://www.ebi.ac.uk/efo/EFO_0007022	LP.07 seven leaves visible stage	http://purl.obolibrary.org/obo/PO_0007063	Zea mays	http://purl.obolibrary.org/obo/NCBITaxon_4577	node 4 of crown root		LP.07 seven leaves visible stage	http://purl.obolibrary.org/obo/PO_0007063	node 4 of crown root		Yes
SRR1621013	B73 inbred line	http://www.ebi.ac.uk/efo/EFO_0007022	LP.07 seven leaves visible stage	http://purl.obolibrary.org/obo/PO_0007063	Zea mays	http://purl.obolibrary.org/obo/NCBITaxon_4577	node 4 of crown root		LP.07 seven leaves visible stage	http://purl.obolibrary.org/obo/PO_0007063	node 4 of crown root		Yes
SRR1621014	B73 inbred line	http://www.ebi.ac.uk/efo/EFO_0007022	LP.13 thirteen leaves visible stage	http://purl.obolibrary.org/obo/PO_0007083	Zea mays	http://purl.obolibrary.org/obo/NCBITaxon_4577	above ground node 6 of brace root		LP.13 thirteen leaves visible stage	http://purl.obolibrary.org/obo/PO_0007083	above ground node 6 of brace root		Yes
SRR1621015	B73 inbred line	http://www.ebi.ac.uk/efo/EFO_0007022	LP.13 thirteen leaves visible stage	http://purl.obolibrary.org/obo/PO_0007083	Zea mays	http://purl.obolibrary.org/obo/NCBITaxon_4577	above ground node 6 of brace root		LP.13 thirteen leaves visible stage	http://purl.obolibrary.org/obo/PO_0007083	above ground node 6 of brace root		Yes
SRR1621016	B73 inbred line	http://www.ebi.ac.uk/efo/EFO_0007022	LP.13 thirteen leaves visible stage	http://purl.obolibrary.org/obo/PO_0007083	Zea mays	http://purl.obolibrary.org/obo/NCBITaxon_4577	node 5 of crown root		LP.13 thirteen leaves visible stage	http://purl.obolibrary.org/obo/PO_0007083	node 5 of crown root		Yes
SRR1621017	B73 inbred line	http://www.ebi.ac.uk/efo/EFO_0007022	LP.13 thirteen leaves visible stage	http://purl.obolibrary.org/obo/PO_0007083	Zea mays	http://purl.obolibrary.org/obo/NCBITaxon_4577	above ground node 6 of brace root		LP.13 thirteen leaves visible stage	http://purl.obolibrary.org/obo/PO_0007083	above ground node 6 of brace root		Yes
SRR1621018	B73 inbred line	http://www.ebi.ac.uk/efo/EFO_0007022	LP.13 thirteen leaves visible stage	http://purl.obolibrary.org/obo/PO_0007083	Zea mays	http://purl.obolibrary.org/obo/NCBITaxon_4577	node 5 of crown root		LP.13 thirteen leaves visible stage	http://purl.obolibrary.org/obo/PO_0007083	node 5 of crown root		Yes
SRR1621019	B73 inbred line	http://www.ebi.ac.uk/efo/EFO_0007022	LP.07 seven leaves visible stage	http://purl.obolibrary.org/obo/PO_0007063	Zea mays	http://purl.obolibrary.org/obo/NCBITaxon_4577	node 5 of crown root		LP.07 seven leaves visible stage	http://purl.obolibrary.org/obo/PO_0007063	node 5 of crown root		Yes
SRR1626419	B73 inbred line	http://www.ebi.ac.uk/efo/EFO_0007022	6 days after anthesis		Zea mays	http://purl.obolibrary.org/obo/NCBITaxon_4577	leaf	http://purl.obolibrary.org/obo/PO_0025034	6 days after anthesis		leaf	http://purl.obolibrary.org/obo/PO_0025034	Yes
SRR1626426	B73 inbred line	http://www.ebi.ac.uk/efo/EFO_0007022	24 days after pollination	http://purl.obolibrary.org/obo/PO_0009010	Zea mays	http://purl.obolibrary.org/obo/NCBITaxon_4577	leaf	http://purl.obolibrary.org/obo/PO_0025034	24 days after pollination	http://purl.obolibrary.org/obo/PO_0009010	leaf	http://purl.obolibrary.org/obo/PO_0025034	Yes
SRR1626427	B73 inbred line	http://www.ebi.ac.uk/efo/EFO_0007022	30 days after anthesis		Zea mays	http://purl.obolibrary.org/obo/NCBITaxon_4577	leaf	http://purl.obolibrary.org/obo/PO_0025034	30 days after anthesis		leaf	http://purl.obolibrary.org/obo/PO_0025034	Yes
SRR1626452	B73 inbred line	http://www.ebi.ac.uk/efo/EFO_0007022	30 days after anthesis		Zea mays	http://purl.obolibrary.org/obo/NCBITaxon_4577	leaf	http://purl.obolibrary.org/obo/PO_0025034	30 days after anthesis		leaf	http://purl.obolibrary.org/obo/PO_0025034	Yes
SRR1633397	B73 inbred line	http://www.ebi.ac.uk/efo/EFO_0007022	3 days after sowing		Zea mays	http://purl.obolibrary.org/obo/NCBITaxon_4577	root	http://purl.obolibrary.org/obo/PO_0009005	3 days after sowing		root	http://purl.obolibrary.org/obo/PO_0009005	Yes
SRR531200	B73 inbred line	http://www.ebi.ac.uk/efo/EFO_0007022	6 days after sowing		Zea mays	http://purl.obolibrary.org/obo/NCBITaxon_4577	coleoptile	http://purl.obolibrary.org/obo/PO_0020033	6 days after sowing		coleoptile	http://purl.obolibrary.org/obo/PO_0020033	Yes
SRR531201	B73 inbred line	http://www.ebi.ac.uk/efo/EFO_0007022	6 days after sowing		Zea mays	http://purl.obolibrary.org/obo/NCBITaxon_4577	coleoptile	http://purl.obolibrary.org/obo/PO_0020033	6 days after sowing		coleoptile	http://purl.obolibrary.org/obo/PO_0020033	Yes
SRR531202	B73 inbred line	http://www.ebi.ac.uk/efo/EFO_0007022	6 days after sowing		Zea mays	http://purl.obolibrary.org/obo/NCBITaxon_4577	coleoptile	http://purl.obolibrary.org/obo/PO_0020033	6 days after sowing		coleoptile	http://purl.obolibrary.org/obo/PO_0020033	Yes
SRR531203	B73 inbred line	http://www.ebi.ac.uk/efo/EFO_0007022	6 days after sowing		Zea mays	http://purl.obolibrary.org/obo/NCBITaxon_4577	coleoptile	http://purl.obolibrary.org/obo/PO_0020033	6 days after sowing		coleoptile	http://purl.obolibrary.org/obo/PO_0020033	Yes
SRR531204	B73 inbred line	http://www.ebi.ac.uk/efo/EFO_0007022	6 days after sowing		Zea mays	http://purl.obolibrary.org/obo/NCBITaxon_4577	coleoptile	http://purl.obolibrary.org/obo/PO_0020033	6 days after sowing		coleoptile	http://purl.obolibrary.org/obo/PO_0020033	Yes
SRR531205	B73 inbred line	http://www.ebi.ac.uk/efo/EFO_0007022	LP.01 one leaf visible stage	http://purl.obolibrary.org/obo/PO_0007094	Zea mays	http://purl.obolibrary.org/obo/NCBITaxon_4577	leaf	http://purl.obolibrary.org/obo/PO_0025034	LP.01 one leaf visible stage	http://purl.obolibrary.org/obo/PO_0007094	leaf	http://purl.obolibrary.org/obo/PO_0025034	Yes
SRR531206	B73 inbred line	http://www.ebi.ac.uk/efo/EFO_0007022	LP.01 one leaf visible stage	http://purl.obolibrary.org/obo/PO_0007094	Zea mays	http://purl.obolibrary.org/obo/NCBITaxon_4577	leaf	http://purl.obolibrary.org/obo/PO_0025034	LP.01 one leaf visible stage	http://purl.obolibrary.org/obo/PO_0007094	leaf	http://purl.obolibrary.org/obo/PO_0025034	Yes
SRR531207	B73 inbred line	http://www.ebi.ac.uk/efo/EFO_0007022	LP.01 one leaf visible stage	http://purl.obolibrary.org/obo/PO_0007094	Zea mays	http://purl.obolibrary.org/obo/NCBITaxon_4577	leaf	http://purl.obolibrary.org/obo/PO_0025034	LP.01 one leaf visible stage	http://purl.obolibrary.org/obo/PO_0007094	leaf	http://purl.obolibrary.org/obo/PO_0025034	Yes
SRR531208	B73 inbred line	http://www.ebi.ac.uk/efo/EFO_0007022	LP.01 one leaf visible stage	http://purl.obolibrary.org/obo/PO_0007094	Zea mays	http://purl.obolibrary.org/obo/NCBITaxon_4577	leaf	http://purl.obolibrary.org/obo/PO_0025034	LP.01 one leaf visible stage	http://purl.obolibrary.org/obo/PO_0007094	leaf	http://purl.obolibrary.org/obo/PO_0025034	Yes
SRR531209	B73 inbred line	http://www.ebi.ac.uk/efo/EFO_0007022	LP.01 one leaf visible stage	http://purl.obolibrary.org/obo/PO_0007094	Zea mays	http://purl.obolibrary.org/obo/NCBITaxon_4577	leaf	http://purl.obolibrary.org/obo/PO_0025034	LP.01 one leaf visible stage	http://purl.obolibrary.org/obo/PO_0007094	leaf	http://purl.obolibrary.org/obo/PO_0025034	Yes
SRR531210	B73 inbred line	http://www.ebi.ac.uk/efo/EFO_0007022	LP.01 one leaf visible stage	http://purl.obolibrary.org/obo/PO_0007094	Zea mays	http://purl.obolibrary.org/obo/NCBITaxon_4577	leaf	http://purl.obolibrary.org/obo/PO_0025034	LP.01 one leaf visible stage	http://purl.obolibrary.org/obo/PO_0007094	leaf	http://purl.obolibrary.org/obo/PO_0025034	Yes
SRR531211	B73 inbred line	http://www.ebi.ac.uk/efo/EFO_0007022	LP.01 one leaf visible stage	http://purl.obolibrary.org/obo/PO_0007094	Zea mays	http://purl.obolibrary.org/obo/NCBITaxon_4577	shoot apical meristem	http://purl.obolibrary.org/obo/PO_0020148	LP.01 one leaf visible stage	http://purl.obolibrary.org/obo/PO_0007094	shoot apical meristem	http://purl.obolibrary.org/obo/PO_0020148	Yes
SRR531212	B73 inbred line	http://www.ebi.ac.uk/efo/EFO_0007022	LP.01 one leaf visible stage	http://purl.obolibrary.org/obo/PO_0007094	Zea mays	http://purl.obolibrary.org/obo/NCBITaxon_4577	shoot apical meristem	http://purl.obolibrary.org/obo/PO_0020148	LP.01 one leaf visible stage	http://purl.obolibrary.org/obo/PO_0007094	shoot apical meristem	http://purl.obolibrary.org/obo/PO_0020148	Yes
SRR531213	B73 inbred line	http://www.ebi.ac.uk/efo/EFO_0007022	LP.01 one leaf visible stage	http://purl.obolibrary.org/obo/PO_0007094	Zea mays	http://purl.obolibrary.org/obo/NCBITaxon_4577	shoot apical meristem	http://purl.obolibrary.org/obo/PO_0020148	LP.01 one leaf visible stage	http://purl.obolibrary.org/obo/PO_0007094	shoot apical meristem	http://purl.obolibrary.org/obo/PO_0020148	Yes
SRR531214	B73 inbred line	http://www.ebi.ac.uk/efo/EFO_0007022	LP.01 one leaf visible stage	http://purl.obolibrary.org/obo/PO_0007094	Zea mays	http://purl.obolibrary.org/obo/NCBITaxon_4577	shoot apical meristem	http://purl.obolibrary.org/obo/PO_0020148	LP.01 one leaf visible stage	http://purl.obolibrary.org/obo/PO_0007094	shoot apical meristem	http://purl.obolibrary.org/obo/PO_0020148	Yes
SRR531215	B73 inbred line	http://www.ebi.ac.uk/efo/EFO_0007022	LP.01 one leaf visible stage	http://purl.obolibrary.org/obo/PO_0007094	Zea mays	http://purl.obolibrary.org/obo/NCBITaxon_4577	primary root	http://purl.obolibrary.org/obo/PO_0020127	LP.01 one leaf visible stage	http://purl.obolibrary.org/obo/PO_0007094	primary root	http://purl.obolibrary.org/obo/PO_0020127	Yes
SRR531216	B73 inbred line	http://www.ebi.ac.uk/efo/EFO_0007022	LP.01 one leaf visible stage	http://purl.obolibrary.org/obo/PO_0007094	Zea mays	http://purl.obolibrary.org/obo/NCBITaxon_4577	primary root	http://purl.obolibrary.org/obo/PO_0020127	LP.01 one leaf visible stage	http://purl.obolibrary.org/obo/PO_0007094	primary root	http://purl.obolibrary.org/obo/PO_0020127	Yes
SRR531217	B73 inbred line	http://www.ebi.ac.uk/efo/EFO_0007022	LP.01 one leaf visible stage	http://purl.obolibrary.org/obo/PO_0007094	Zea mays	http://purl.obolibrary.org/obo/NCBITaxon_4577	primary root	http://purl.obolibrary.org/obo/PO_0020127	LP.01 one leaf visible stage	http://purl.obolibrary.org/obo/PO_0007094	primary root	http://purl.obolibrary.org/obo/PO_0020127	Yes
SRR531218	B73 inbred line	http://www.ebi.ac.uk/efo/EFO_0007022	LP.03 three leaves visible stage	http://purl.obolibrary.org/obo/PO_0007106	Zea mays	http://purl.obolibrary.org/obo/NCBITaxon_4577	topmost leaf		LP.03 three leaves visible stage	http://purl.obolibrary.org/obo/PO_0007106	topmost leaf		Yes
SRR531219	B73 inbred line	http://www.ebi.ac.uk/efo/EFO_0007022	LP.03 three leaves visible stage	http://purl.obolibrary.org/obo/PO_0007106	Zea mays	http://purl.obolibrary.org/obo/NCBITaxon_4577	topmost leaf		LP.03 three leaves visible stage	http://purl.obolibrary.org/obo/PO_0007106	topmost leaf		Yes
SRR531220	B73 inbred line	http://www.ebi.ac.uk/efo/EFO_0007022	LP.03 three leaves visible stage	http://purl.obolibrary.org/obo/PO_0007106	Zea mays	http://purl.obolibrary.org/obo/NCBITaxon_4577	topmost leaf		LP.03 three leaves visible stage	http://purl.obolibrary.org/obo/PO_0007106	topmost leaf		Yes
SRR531221	B73 inbred line	http://www.ebi.ac.uk/efo/EFO_0007022	LP.05 five leaves visible stage	http://purl.obolibrary.org/obo/PO_0007065	Zea mays	http://purl.obolibrary.org/obo/NCBITaxon_4577	shoot tip	http://purl.obolibrary.org/obo/PO_0000037	LP.05 five leaves visible stage	http://purl.obolibrary.org/obo/PO_0007065	shoot tip	http://purl.obolibrary.org/obo/PO_0000037	Yes
SRR531222	B73 inbred line	http://www.ebi.ac.uk/efo/EFO_0007022	LP.05 five leaves visible stage	http://purl.obolibrary.org/obo/PO_0007065	Zea mays	http://purl.obolibrary.org/obo/NCBITaxon_4577	shoot tip	http://purl.obolibrary.org/obo/PO_0000037	LP.05 five leaves visible stage	http://purl.obolibrary.org/obo/PO_0007065	shoot tip	http://purl.obolibrary.org/obo/PO_0000037	Yes
SRR531223	B73 inbred line	http://www.ebi.ac.uk/efo/EFO_0007022	LP.05 five leaves visible stage	http://purl.obolibrary.org/obo/PO_0007065	Zea mays	http://purl.obolibrary.org/obo/NCBITaxon_4577	shoot tip	http://purl.obolibrary.org/obo/PO_0000037	LP.05 five leaves visible stage	http://purl.obolibrary.org/obo/PO_0007065	shoot tip	http://purl.obolibrary.org/obo/PO_0000037	Yes
SRR531224	B73 inbred line	http://www.ebi.ac.uk/efo/EFO_0007022	LP.05 five leaves visible stage	http://purl.obolibrary.org/obo/PO_0007065	Zea mays	http://purl.obolibrary.org/obo/NCBITaxon_4577	first elongated internode		LP.05 five leaves visible stage	http://purl.obolibrary.org/obo/PO_0007065	first elongated internode		Yes
SRR531225	B73 inbred line	http://www.ebi.ac.uk/efo/EFO_0007022	LP.05 five leaves visible stage	http://purl.obolibrary.org/obo/PO_0007065	Zea mays	http://purl.obolibrary.org/obo/NCBITaxon_4577	first elongated internode		LP.05 five leaves visible stage	http://purl.obolibrary.org/obo/PO_0007065	first elongated internode		Yes
SRR531226	B73 inbred line	http://www.ebi.ac.uk/efo/EFO_0007022	LP.05 five leaves visible stage	http://purl.obolibrary.org/obo/PO_0007065	Zea mays	http://purl.obolibrary.org/obo/NCBITaxon_4577	first elongated internode		LP.05 five leaves visible stage	http://purl.obolibrary.org/obo/PO_0007065	first elongated internode		Yes
SRR531866	B73 inbred line	http://www.ebi.ac.uk/efo/EFO_0007022	LP.05 five leaves visible stage	http://purl.obolibrary.org/obo/PO_0007065	Zea mays	http://purl.obolibrary.org/obo/NCBITaxon_4577	bottom of transition leaf		LP.05 five leaves visible stage	http://purl.obolibrary.org/obo/PO_0007065	bottom of transition leaf		Yes
SRR531867	B73 inbred line	http://www.ebi.ac.uk/efo/EFO_0007022	LP.05 five leaves visible stage	http://purl.obolibrary.org/obo/PO_0007065	Zea mays	http://purl.obolibrary.org/obo/NCBITaxon_4577	bottom of transition leaf		LP.05 five leaves visible stage	http://purl.obolibrary.org/obo/PO_0007065	bottom of transition leaf		Yes
SRR531868	B73 inbred line	http://www.ebi.ac.uk/efo/EFO_0007022	LP.05 five leaves visible stage	http://purl.obolibrary.org/obo/PO_0007065	Zea mays	http://purl.obolibrary.org/obo/NCBITaxon_4577	bottom of transition leaf		LP.05 five leaves visible stage	http://purl.obolibrary.org/obo/PO_0007065	bottom of transition leaf		Yes
SRR531869	B73 inbred line	http://www.ebi.ac.uk/efo/EFO_0007022	LP.07 seven leaves visible stage	http://purl.obolibrary.org/obo/PO_0007063	Zea mays	http://purl.obolibrary.org/obo/NCBITaxon_4577	tip of transition leaf		LP.07 seven leaves visible stage	http://purl.obolibrary.org/obo/PO_0007063	tip of transition leaf		Yes
SRR531870	B73 inbred line	http://www.ebi.ac.uk/efo/EFO_0007022	LP.07 seven leaves visible stage	http://purl.obolibrary.org/obo/PO_0007063	Zea mays	http://purl.obolibrary.org/obo/NCBITaxon_4577	tip of transition leaf		LP.07 seven leaves visible stage	http://purl.obolibrary.org/obo/PO_0007063	tip of transition leaf		Yes
SRR531871	B73 inbred line	http://www.ebi.ac.uk/efo/EFO_0007022	LP.07 seven leaves visible stage	http://purl.obolibrary.org/obo/PO_0007063	Zea mays	http://purl.obolibrary.org/obo/NCBITaxon_4577	tip of transition leaf		LP.07 seven leaves visible stage	http://purl.obolibrary.org/obo/PO_0007063	tip of transition leaf		Yes
SRR531872	B73 inbred line	http://www.ebi.ac.uk/efo/EFO_0007022	LP.07 seven leaves visible stage	http://purl.obolibrary.org/obo/PO_0007063	Zea mays	http://purl.obolibrary.org/obo/NCBITaxon_4577	bottom of transition leaf		LP.07 seven leaves visible stage	http://purl.obolibrary.org/obo/PO_0007063	bottom of transition leaf		Yes
SRR531873	B73 inbred line	http://www.ebi.ac.uk/efo/EFO_0007022	LP.07 seven leaves visible stage	http://purl.obolibrary.org/obo/PO_0007063	Zea mays	http://purl.obolibrary.org/obo/NCBITaxon_4577	bottom of transition leaf		LP.07 seven leaves visible stage	http://purl.obolibrary.org/obo/PO_0007063	bottom of transition leaf		Yes
SRR531874	B73 inbred line	http://www.ebi.ac.uk/efo/EFO_0007022	LP.07 seven leaves visible stage	http://purl.obolibrary.org/obo/PO_0007063	Zea mays	http://purl.obolibrary.org/obo/NCBITaxon_4577	bottom of transition leaf		LP.07 seven leaves visible stage	http://purl.obolibrary.org/obo/PO_0007063	bottom of transition leaf		Yes
SRR531875	B73 inbred line	http://www.ebi.ac.uk/efo/EFO_0007022	LP.09 nine leaves visible stage	http://purl.obolibrary.org/obo/PO_0007101	Zea mays	http://purl.obolibrary.org/obo/NCBITaxon_4577	fourth elongated internode		LP.09 nine leaves visible stage	http://purl.obolibrary.org/obo/PO_0007101	fourth elongated internode		Yes
SRR531876	B73 inbred line	http://www.ebi.ac.uk/efo/EFO_0007022	LP.09 nine leaves visible stage	http://purl.obolibrary.org/obo/PO_0007101	Zea mays	http://purl.obolibrary.org/obo/NCBITaxon_4577	fourth elongated internode		LP.09 nine leaves visible stage	http://purl.obolibrary.org/obo/PO_0007101	fourth elongated internode		Yes
SRR531877	B73 inbred line	http://www.ebi.ac.uk/efo/EFO_0007022	LP.09 nine leaves visible stage	http://purl.obolibrary.org/obo/PO_0007101	Zea mays	http://purl.obolibrary.org/obo/NCBITaxon_4577	fourth elongated internode		LP.09 nine leaves visible stage	http://purl.obolibrary.org/obo/PO_0007101	fourth elongated internode		Yes
SRR531878	B73 inbred line	http://www.ebi.ac.uk/efo/EFO_0007022	LP.13 thirteen leaves visible stage	http://purl.obolibrary.org/obo/PO_0007083	Zea mays	http://purl.obolibrary.org/obo/NCBITaxon_4577	immature tassel		LP.13 thirteen leaves visible stage	http://purl.obolibrary.org/obo/PO_0007083	immature tassel		Yes
SRR531879	B73 inbred line	http://www.ebi.ac.uk/efo/EFO_0007022	LP.13 thirteen leaves visible stage	http://purl.obolibrary.org/obo/PO_0007083	Zea mays	http://purl.obolibrary.org/obo/NCBITaxon_4577	immature tassel		LP.13 thirteen leaves visible stage	http://purl.obolibrary.org/obo/PO_0007083	immature tassel		Yes
SRR531880	B73 inbred line	http://www.ebi.ac.uk/efo/EFO_0007022	LP.13 thirteen leaves visible stage	http://purl.obolibrary.org/obo/PO_0007083	Zea mays	http://purl.obolibrary.org/obo/NCBITaxon_4577	immature tassel		LP.13 thirteen leaves visible stage	http://purl.obolibrary.org/obo/PO_0007083	immature tassel		Yes
SRR531881	B73 inbred line	http://www.ebi.ac.uk/efo/EFO_0007022	6 days after sowing		Zea mays	http://purl.obolibrary.org/obo/NCBITaxon_4577	coleoptile	http://purl.obolibrary.org/obo/PO_0020033	6 days after sowing		coleoptile	http://purl.obolibrary.org/obo/PO_0020033	Yes
SRR531882	B73 inbred line	http://www.ebi.ac.uk/efo/EFO_0007022	LP.18 eighteen leaves visible stage	http://purl.obolibrary.org/obo/PO_0007072	Zea mays	http://purl.obolibrary.org/obo/NCBITaxon_4577	meiotic tassel		LP.18 eighteen leaves visible stage	http://purl.obolibrary.org/obo/PO_0007072	meiotic tassel		Yes
SRR531883	B73 inbred line	http://www.ebi.ac.uk/efo/EFO_0007022	LP.18 eighteen leaves visible stage	http://purl.obolibrary.org/obo/PO_0007072	Zea mays	http://purl.obolibrary.org/obo/NCBITaxon_4577	meiotic tassel		LP.18 eighteen leaves visible stage	http://purl.obolibrary.org/obo/PO_0007072	meiotic tassel		Yes
SRR531884	B73 inbred line	http://www.ebi.ac.uk/efo/EFO_0007022	LP.18 eighteen leaves visible stage	http://purl.obolibrary.org/obo/PO_0007072	Zea mays	http://purl.obolibrary.org/obo/NCBITaxon_4577	meiotic tassel		LP.18 eighteen leaves visible stage	http://purl.obolibrary.org/obo/PO_0007072	meiotic tassel		Yes
SRR531886	B73 inbred line	http://www.ebi.ac.uk/efo/EFO_0007022	LP.18 eighteen leaves visible stage	http://purl.obolibrary.org/obo/PO_0007072	Zea mays	http://purl.obolibrary.org/obo/NCBITaxon_4577	immature cob		LP.18 eighteen leaves visible stage	http://purl.obolibrary.org/obo/PO_0007072	immature cob		Yes
SRR531887	B73 inbred line	http://www.ebi.ac.uk/efo/EFO_0007022	LP.18 eighteen leaves visible stage	http://purl.obolibrary.org/obo/PO_0007072	Zea mays	http://purl.obolibrary.org/obo/NCBITaxon_4577	immature cob		LP.18 eighteen leaves visible stage	http://purl.obolibrary.org/obo/PO_0007072	immature cob		Yes
SRR531888	B73 inbred line	http://www.ebi.ac.uk/efo/EFO_0007022	LP.18 eighteen leaves visible stage	http://purl.obolibrary.org/obo/PO_0007072	Zea mays	http://purl.obolibrary.org/obo/NCBITaxon_4577	immature cob		LP.18 eighteen leaves visible stage	http://purl.obolibrary.org/obo/PO_0007072	immature cob		Yes
SRR531889	B73 inbred line	http://www.ebi.ac.uk/efo/EFO_0007022	whole plant flowering stage	http://purl.obolibrary.org/obo/PO_0007016	Zea mays	http://purl.obolibrary.org/obo/NCBITaxon_4577	pre-pollination cob		whole plant flowering stage	http://purl.obolibrary.org/obo/PO_0007016	pre-pollination cob		Yes
SRR531890	B73 inbred line	http://www.ebi.ac.uk/efo/EFO_0007022	whole plant flowering stage	http://purl.obolibrary.org/obo/PO_0007016	Zea mays	http://purl.obolibrary.org/obo/NCBITaxon_4577	pre-pollination cob		whole plant flowering stage	http://purl.obolibrary.org/obo/PO_0007016	pre-pollination cob		Yes
SRR531891	B73 inbred line	http://www.ebi.ac.uk/efo/EFO_0007022	whole plant flowering stage	http://purl.obolibrary.org/obo/PO_0007016	Zea mays	http://purl.obolibrary.org/obo/NCBITaxon_4577	pre-pollination cob		whole plant flowering stage	http://purl.obolibrary.org/obo/PO_0007016	pre-pollination cob		Yes
SRR531892	B73 inbred line	http://www.ebi.ac.uk/efo/EFO_0007022	whole plant flowering stage	http://purl.obolibrary.org/obo/PO_0007016	Zea mays	http://purl.obolibrary.org/obo/NCBITaxon_4577	silks	http://purl.obolibrary.org/obo/PO_0006488	whole plant flowering stage	http://purl.obolibrary.org/obo/PO_0007016	silks	http://purl.obolibrary.org/obo/PO_0006488	Yes
SRR531893	B73 inbred line	http://www.ebi.ac.uk/efo/EFO_0007022	whole plant flowering stage	http://purl.obolibrary.org/obo/PO_0007016	Zea mays	http://purl.obolibrary.org/obo/NCBITaxon_4577	silks	http://purl.obolibrary.org/obo/PO_0006488	whole plant flowering stage	http://purl.obolibrary.org/obo/PO_0007016	silks	http://purl.obolibrary.org/obo/PO_0006488	Yes
SRR531894	B73 inbred line	http://www.ebi.ac.uk/efo/EFO_0007022	whole plant flowering stage	http://purl.obolibrary.org/obo/PO_0007016	Zea mays	http://purl.obolibrary.org/obo/NCBITaxon_4577	silks	http://purl.obolibrary.org/obo/PO_0006488	whole plant flowering stage	http://purl.obolibrary.org/obo/PO_0007016	silks	http://purl.obolibrary.org/obo/PO_0006488	Yes
SRR531895	B73 inbred line	http://www.ebi.ac.uk/efo/EFO_0007022	whole plant flowering stage	http://purl.obolibrary.org/obo/PO_0007016	Zea mays	http://purl.obolibrary.org/obo/NCBITaxon_4577	anthers	http://purl.obolibrary.org/obo/PO_0009066	whole plant flowering stage	http://purl.obolibrary.org/obo/PO_0007016	anthers	http://purl.obolibrary.org/obo/PO_0009066	Yes
SRR531896	B73 inbred line	http://www.ebi.ac.uk/efo/EFO_0007022	whole plant flowering stage	http://purl.obolibrary.org/obo/PO_0007016	Zea mays	http://purl.obolibrary.org/obo/NCBITaxon_4577	anthers	http://purl.obolibrary.org/obo/PO_0009066	whole plant flowering stage	http://purl.obolibrary.org/obo/PO_0007016	anthers	http://purl.obolibrary.org/obo/PO_0009066	Yes
SRR531897	B73 inbred line	http://www.ebi.ac.uk/efo/EFO_0007022	whole plant flowering stage	http://purl.obolibrary.org/obo/PO_0007016	Zea mays	http://purl.obolibrary.org/obo/NCBITaxon_4577	anthers	http://purl.obolibrary.org/obo/PO_0009066	whole plant flowering stage	http://purl.obolibrary.org/obo/PO_0007016	anthers	http://purl.obolibrary.org/obo/PO_0009066	Yes
SRR531898	B73 inbred line	http://www.ebi.ac.uk/efo/EFO_0007022	2 days after pollination	http://purl.obolibrary.org/obo/PO_0009010	Zea mays	http://purl.obolibrary.org/obo/NCBITaxon_4577	seed	http://purl.obolibrary.org/obo/PO_0009010	2 days after pollination	http://purl.obolibrary.org/obo/PO_0009010	seed	http://purl.obolibrary.org/obo/PO_0009010	Yes
SRR531899	B73 inbred line	http://www.ebi.ac.uk/efo/EFO_0007022	2 days after pollination	http://purl.obolibrary.org/obo/PO_0009010	Zea mays	http://purl.obolibrary.org/obo/NCBITaxon_4577	seed	http://purl.obolibrary.org/obo/PO_0009010	2 days after pollination	http://purl.obolibrary.org/obo/PO_0009010	seed	http://purl.obolibrary.org/obo/PO_0009010	Yes
SRR531900	B73 inbred line	http://www.ebi.ac.uk/efo/EFO_0007022	2 days after pollination	http://purl.obolibrary.org/obo/PO_0009010	Zea mays	http://purl.obolibrary.org/obo/NCBITaxon_4577	seed	http://purl.obolibrary.org/obo/PO_0009010	2 days after pollination	http://purl.obolibrary.org/obo/PO_0009010	seed	http://purl.obolibrary.org/obo/PO_0009010	Yes
SRR531901	B73 inbred line	http://www.ebi.ac.uk/efo/EFO_0007022	4 days after pollination	http://purl.obolibrary.org/obo/PO_0009010	Zea mays	http://purl.obolibrary.org/obo/NCBITaxon_4577	seed	http://purl.obolibrary.org/obo/PO_0009010	4 days after pollination	http://purl.obolibrary.org/obo/PO_0009010	seed	http://purl.obolibrary.org/obo/PO_0009010	Yes
SRR531902	B73 inbred line	http://www.ebi.ac.uk/efo/EFO_0007022	4 days after pollination	http://purl.obolibrary.org/obo/PO_0009010	Zea mays	http://purl.obolibrary.org/obo/NCBITaxon_4577	seed	http://purl.obolibrary.org/obo/PO_0009010	4 days after pollination	http://purl.obolibrary.org/obo/PO_0009010	seed	http://purl.obolibrary.org/obo/PO_0009010	Yes
SRR531903	B73 inbred line	http://www.ebi.ac.uk/efo/EFO_0007022	4 days after pollination	http://purl.obolibrary.org/obo/PO_0009010	Zea mays	http://purl.obolibrary.org/obo/NCBITaxon_4577	seed	http://purl.obolibrary.org/obo/PO_0009010	4 days after pollination	http://purl.obolibrary.org/obo/PO_0009010	seed	http://purl.obolibrary.org/obo/PO_0009010	Yes
SRR531904	B73 inbred line	http://www.ebi.ac.uk/efo/EFO_0007022	6 days after pollination	http://purl.obolibrary.org/obo/PO_0009010	Zea mays	http://purl.obolibrary.org/obo/NCBITaxon_4577	seed	http://purl.obolibrary.org/obo/PO_0009010	6 days after pollination	http://purl.obolibrary.org/obo/PO_0009010	seed	http://purl.obolibrary.org/obo/PO_0009010	Yes
SRR531905	B73 inbred line	http://www.ebi.ac.uk/efo/EFO_0007022	6 days after pollination	http://purl.obolibrary.org/obo/PO_0009010	Zea mays	http://purl.obolibrary.org/obo/NCBITaxon_4577	seed	http://purl.obolibrary.org/obo/PO_0009010	6 days after pollination	http://purl.obolibrary.org/obo/PO_0009010	seed	http://purl.obolibrary.org/obo/PO_0009010	Yes
SRR531906	B73 inbred line	http://www.ebi.ac.uk/efo/EFO_0007022	6 days after pollination	http://purl.obolibrary.org/obo/PO_0009010	Zea mays	http://purl.obolibrary.org/obo/NCBITaxon_4577	seed	http://purl.obolibrary.org/obo/PO_0009010	6 days after pollination	http://purl.obolibrary.org/obo/PO_0009010	seed	http://purl.obolibrary.org/obo/PO_0009010	Yes
SRR531907	B73 inbred line	http://www.ebi.ac.uk/efo/EFO_0007022	8 days after pollination	http://purl.obolibrary.org/obo/PO_0009010	Zea mays	http://purl.obolibrary.org/obo/NCBITaxon_4577	seed	http://purl.obolibrary.org/obo/PO_0009010	8 days after pollination	http://purl.obolibrary.org/obo/PO_0009010	seed	http://purl.obolibrary.org/obo/PO_0009010	Yes
SRR531908	B73 inbred line	http://www.ebi.ac.uk/efo/EFO_0007022	8 days after pollination	http://purl.obolibrary.org/obo/PO_0009010	Zea mays	http://purl.obolibrary.org/obo/NCBITaxon_4577	seed	http://purl.obolibrary.org/obo/PO_0009010	8 days after pollination	http://purl.obolibrary.org/obo/PO_0009010	seed	http://purl.obolibrary.org/obo/PO_0009010	Yes
SRR531909	B73 inbred line	http://www.ebi.ac.uk/efo/EFO_0007022	8 days after pollination	http://purl.obolibrary.org/obo/PO_0009010	Zea mays	http://purl.obolibrary.org/obo/NCBITaxon_4577	seed	http://purl.obolibrary.org/obo/PO_0009010	8 days after pollination	http://purl.obolibrary.org/obo/PO_0009010	seed	http://purl.obolibrary.org/obo/PO_0009010	Yes
SRR531910	B73 inbred line	http://www.ebi.ac.uk/efo/EFO_0007022	18 days after pollination	http://purl.obolibrary.org/obo/PO_0009010	Zea mays	http://purl.obolibrary.org/obo/NCBITaxon_4577	seed	http://purl.obolibrary.org/obo/PO_0009010	18 days after pollination	http://purl.obolibrary.org/obo/PO_0009010	seed	http://purl.obolibrary.org/obo/PO_0009010	Yes
SRR531911	B73 inbred line	http://www.ebi.ac.uk/efo/EFO_0007022	18 days after pollination	http://purl.obolibrary.org/obo/PO_0009010	Zea mays	http://purl.obolibrary.org/obo/NCBITaxon_4577	seed	http://purl.obolibrary.org/obo/PO_0009010	18 days after pollination	http://purl.obolibrary.org/obo/PO_0009010	seed	http://purl.obolibrary.org/obo/PO_0009010	Yes
SRR531912	B73 inbred line	http://www.ebi.ac.uk/efo/EFO_0007022	18 days after pollination	http://purl.obolibrary.org/obo/PO_0009010	Zea mays	http://purl.obolibrary.org/obo/NCBITaxon_4577	seed	http://purl.obolibrary.org/obo/PO_0009010	18 days after pollination	http://purl.obolibrary.org/obo/PO_0009010	seed	http://purl.obolibrary.org/obo/PO_0009010	Yes
SRR531913	B73 inbred line	http://www.ebi.ac.uk/efo/EFO_0007022	18 days after pollination	http://purl.obolibrary.org/obo/PO_0009010	Zea mays	http://purl.obolibrary.org/obo/NCBITaxon_4577	endosperm	http://purl.obolibrary.org/obo/PO_0009089	18 days after pollination	http://purl.obolibrary.org/obo/PO_0009010	endosperm	http://purl.obolibrary.org/obo/PO_0009089	Yes
SRR531914	B73 inbred line	http://www.ebi.ac.uk/efo/EFO_0007022	18 days after pollination	http://purl.obolibrary.org/obo/PO_0009010	Zea mays	http://purl.obolibrary.org/obo/NCBITaxon_4577	endosperm	http://purl.obolibrary.org/obo/PO_0009089	18 days after pollination	http://purl.obolibrary.org/obo/PO_0009010	endosperm	http://purl.obolibrary.org/obo/PO_0009089	Yes
SRR531915	B73 inbred line	http://www.ebi.ac.uk/efo/EFO_0007022	18 days after pollination	http://purl.obolibrary.org/obo/PO_0009010	Zea mays	http://purl.obolibrary.org/obo/NCBITaxon_4577	endosperm	http://purl.obolibrary.org/obo/PO_0009089	18 days after pollination	http://purl.obolibrary.org/obo/PO_0009010	endosperm	http://purl.obolibrary.org/obo/PO_0009089	Yes
SRR531916	B73 inbred line	http://www.ebi.ac.uk/efo/EFO_0007022	18 days after pollination	http://purl.obolibrary.org/obo/PO_0009010	Zea mays	http://purl.obolibrary.org/obo/NCBITaxon_4577	plant embryo	http://purl.obolibrary.org/obo/PO_0009009	18 days after pollination	http://purl.obolibrary.org/obo/PO_0009010	plant embryo	http://purl.obolibrary.org/obo/PO_0009009	Yes
SRR531917	B73 inbred line	http://www.ebi.ac.uk/efo/EFO_0007022	18 days after pollination	http://purl.obolibrary.org/obo/PO_0009010	Zea mays	http://purl.obolibrary.org/obo/NCBITaxon_4577	plant embryo	http://purl.obolibrary.org/obo/PO_0009009	18 days after pollination	http://purl.obolibrary.org/obo/PO_0009010	plant embryo	http://purl.obolibrary.org/obo/PO_0009009	Yes
SRR531919	B73 inbred line	http://www.ebi.ac.uk/efo/EFO_0007022	18 days after pollination	http://purl.obolibrary.org/obo/PO_0009010	Zea mays	http://purl.obolibrary.org/obo/NCBITaxon_4577	plant embryo	http://purl.obolibrary.org/obo/PO_0009009	18 days after pollination	http://purl.obolibrary.org/obo/PO_0009010	plant embryo	http://purl.obolibrary.org/obo/PO_0009009	Yes
SRR531920	B73 inbred line	http://www.ebi.ac.uk/efo/EFO_0007022	18 days after pollination	http://purl.obolibrary.org/obo/PO_0009010	Zea mays	http://purl.obolibrary.org/obo/NCBITaxon_4577	pericarp	http://purl.obolibrary.org/obo/PO_0009084	18 days after pollination	http://purl.obolibrary.org/obo/PO_0009010	pericarp	http://purl.obolibrary.org/obo/PO_0009084	Yes
SRR531921	B73 inbred line	http://www.ebi.ac.uk/efo/EFO_0007022	18 days after pollination	http://purl.obolibrary.org/obo/PO_0009010	Zea mays	http://purl.obolibrary.org/obo/NCBITaxon_4577	pericarp	http://purl.obolibrary.org/obo/PO_0009084	18 days after pollination	http://purl.obolibrary.org/obo/PO_0009010	pericarp	http://purl.obolibrary.org/obo/PO_0009084	Yes
SRR531922	B73 inbred line	http://www.ebi.ac.uk/efo/EFO_0007022	20 days after pollination	http://purl.obolibrary.org/obo/PO_0009010	Zea mays	http://purl.obolibrary.org/obo/NCBITaxon_4577	seed	http://purl.obolibrary.org/obo/PO_0009010	20 days after pollination	http://purl.obolibrary.org/obo/PO_0009010	seed	http://purl.obolibrary.org/obo/PO_0009010	Yes
SRR531924	B73 inbred line	http://www.ebi.ac.uk/efo/EFO_0007022	20 days after pollination	http://purl.obolibrary.org/obo/PO_0009010	Zea mays	http://purl.obolibrary.org/obo/NCBITaxon_4577	seed	http://purl.obolibrary.org/obo/PO_0009010	20 days after pollination	http://purl.obolibrary.org/obo/PO_0009010	seed	http://purl.obolibrary.org/obo/PO_0009010	Yes
SRR531925	B73 inbred line	http://www.ebi.ac.uk/efo/EFO_0007022	20 days after pollination	http://purl.obolibrary.org/obo/PO_0009010	Zea mays	http://purl.obolibrary.org/obo/NCBITaxon_4577	seed	http://purl.obolibrary.org/obo/PO_0009010	20 days after pollination	http://purl.obolibrary.org/obo/PO_0009010	seed	http://purl.obolibrary.org/obo/PO_0009010	Yes
SRR531926	B73 inbred line	http://www.ebi.ac.uk/efo/EFO_0007022	20 days after pollination	http://purl.obolibrary.org/obo/PO_0009010	Zea mays	http://purl.obolibrary.org/obo/NCBITaxon_4577	endosperm	http://purl.obolibrary.org/obo/PO_0009089	20 days after pollination	http://purl.obolibrary.org/obo/PO_0009010	endosperm	http://purl.obolibrary.org/obo/PO_0009089	Yes
SRR531928	B73 inbred line	http://www.ebi.ac.uk/efo/EFO_0007022	20 days after pollination	http://purl.obolibrary.org/obo/PO_0009010	Zea mays	http://purl.obolibrary.org/obo/NCBITaxon_4577	endosperm	http://purl.obolibrary.org/obo/PO_0009089	20 days after pollination	http://purl.obolibrary.org/obo/PO_0009010	endosperm	http://purl.obolibrary.org/obo/PO_0009089	Yes
SRR531929	B73 inbred line	http://www.ebi.ac.uk/efo/EFO_0007022	20 days after pollination	http://purl.obolibrary.org/obo/PO_0009010	Zea mays	http://purl.obolibrary.org/obo/NCBITaxon_4577	endosperm	http://purl.obolibrary.org/obo/PO_0009089	20 days after pollination	http://purl.obolibrary.org/obo/PO_0009010	endosperm	http://purl.obolibrary.org/obo/PO_0009089	Yes
SRR531930	B73 inbred line	http://www.ebi.ac.uk/efo/EFO_0007022	20 days after pollination	http://purl.obolibrary.org/obo/PO_0009010	Zea mays	http://purl.obolibrary.org/obo/NCBITaxon_4577	plant embryo	http://purl.obolibrary.org/obo/PO_0009009	20 days after pollination	http://purl.obolibrary.org/obo/PO_0009010	plant embryo	http://purl.obolibrary.org/obo/PO_0009009	Yes
SRR531931	B73 inbred line	http://www.ebi.ac.uk/efo/EFO_0007022	20 days after pollination	http://purl.obolibrary.org/obo/PO_0009010	Zea mays	http://purl.obolibrary.org/obo/NCBITaxon_4577	plant embryo	http://purl.obolibrary.org/obo/PO_0009009	20 days after pollination	http://purl.obolibrary.org/obo/PO_0009010	plant embryo	http://purl.obolibrary.org/obo/PO_0009009	Yes
SRR531932	B73 inbred line	http://www.ebi.ac.uk/efo/EFO_0007022	20 days after pollination	http://purl.obolibrary.org/obo/PO_0009010	Zea mays	http://purl.obolibrary.org/obo/NCBITaxon_4577	plant embryo	http://purl.obolibrary.org/obo/PO_0009009	20 days after pollination	http://purl.obolibrary.org/obo/PO_0009010	plant embryo	http://purl.obolibrary.org/obo/PO_0009009	Yes
SRR531933	B73 inbred line	http://www.ebi.ac.uk/efo/EFO_0007022	22 days after pollination	http://purl.obolibrary.org/obo/PO_0009010	Zea mays	http://purl.obolibrary.org/obo/NCBITaxon_4577	seed	http://purl.obolibrary.org/obo/PO_0009010	22 days after pollination	http://purl.obolibrary.org/obo/PO_0009010	seed	http://purl.obolibrary.org/obo/PO_0009010	Yes
SRR531934	B73 inbred line	http://www.ebi.ac.uk/efo/EFO_0007022	22 days after pollination	http://purl.obolibrary.org/obo/PO_0009010	Zea mays	http://purl.obolibrary.org/obo/NCBITaxon_4577	seed	http://purl.obolibrary.org/obo/PO_0009010	22 days after pollination	http://purl.obolibrary.org/obo/PO_0009010	seed	http://purl.obolibrary.org/obo/PO_0009010	Yes
SRR531935	B73 inbred line	http://www.ebi.ac.uk/efo/EFO_0007022	22 days after pollination	http://purl.obolibrary.org/obo/PO_0009010	Zea mays	http://purl.obolibrary.org/obo/NCBITaxon_4577	seed	http://purl.obolibrary.org/obo/PO_0009010	22 days after pollination	http://purl.obolibrary.org/obo/PO_0009010	seed	http://purl.obolibrary.org/obo/PO_0009010	Yes
SRR531936	B73 inbred line	http://www.ebi.ac.uk/efo/EFO_0007022	22 days after pollination	http://purl.obolibrary.org/obo/PO_0009010	Zea mays	http://purl.obolibrary.org/obo/NCBITaxon_4577	endosperm	http://purl.obolibrary.org/obo/PO_0009089	22 days after pollination	http://purl.obolibrary.org/obo/PO_0009010	endosperm	http://purl.obolibrary.org/obo/PO_0009089	Yes
SRR531937	B73 inbred line	http://www.ebi.ac.uk/efo/EFO_0007022	22 days after pollination	http://purl.obolibrary.org/obo/PO_0009010	Zea mays	http://purl.obolibrary.org/obo/NCBITaxon_4577	endosperm	http://purl.obolibrary.org/obo/PO_0009089	22 days after pollination	http://purl.obolibrary.org/obo/PO_0009010	endosperm	http://purl.obolibrary.org/obo/PO_0009089	Yes
SRR531938	B73 inbred line	http://www.ebi.ac.uk/efo/EFO_0007022	22 days after pollination	http://purl.obolibrary.org/obo/PO_0009010	Zea mays	http://purl.obolibrary.org/obo/NCBITaxon_4577	endosperm	http://purl.obolibrary.org/obo/PO_0009089	22 days after pollination	http://purl.obolibrary.org/obo/PO_0009010	endosperm	http://purl.obolibrary.org/obo/PO_0009089	Yes
SRR531939	B73 inbred line	http://www.ebi.ac.uk/efo/EFO_0007022	22 days after pollination	http://purl.obolibrary.org/obo/PO_0009010	Zea mays	http://purl.obolibrary.org/obo/NCBITaxon_4577	plant embryo	http://purl.obolibrary.org/obo/PO_0009009	22 days after pollination	http://purl.obolibrary.org/obo/PO_0009010	plant embryo	http://purl.obolibrary.org/obo/PO_0009009	Yes
SRR531940	B73 inbred line	http://www.ebi.ac.uk/efo/EFO_0007022	22 days after pollination	http://purl.obolibrary.org/obo/PO_0009010	Zea mays	http://purl.obolibrary.org/obo/NCBITaxon_4577	plant embryo	http://purl.obolibrary.org/obo/PO_0009009	22 days after pollination	http://purl.obolibrary.org/obo/PO_0009010	plant embryo	http://purl.obolibrary.org/obo/PO_0009009	Yes
SRR531941	B73 inbred line	http://www.ebi.ac.uk/efo/EFO_0007022	22 days after pollination	http://purl.obolibrary.org/obo/PO_0009010	Zea mays	http://purl.obolibrary.org/obo/NCBITaxon_4577	plant embryo	http://purl.obolibrary.org/obo/PO_0009009	22 days after pollination	http://purl.obolibrary.org/obo/PO_0009010	plant embryo	http://purl.obolibrary.org/obo/PO_0009009	Yes
SRR531942	B73 inbred line	http://www.ebi.ac.uk/efo/EFO_0007022	24 days after pollination	http://purl.obolibrary.org/obo/PO_0009010	Zea mays	http://purl.obolibrary.org/obo/NCBITaxon_4577	seed	http://purl.obolibrary.org/obo/PO_0009010	24 days after pollination	http://purl.obolibrary.org/obo/PO_0009010	seed	http://purl.obolibrary.org/obo/PO_0009010	Yes
SRR531944	B73 inbred line	http://www.ebi.ac.uk/efo/EFO_0007022	24 days after pollination	http://purl.obolibrary.org/obo/PO_0009010	Zea mays	http://purl.obolibrary.org/obo/NCBITaxon_4577	seed	http://purl.obolibrary.org/obo/PO_0009010	24 days after pollination	http://purl.obolibrary.org/obo/PO_0009010	seed	http://purl.obolibrary.org/obo/PO_0009010	Yes
SRR531945	B73 inbred line	http://www.ebi.ac.uk/efo/EFO_0007022	24 days after pollination	http://purl.obolibrary.org/obo/PO_0009010	Zea mays	http://purl.obolibrary.org/obo/NCBITaxon_4577	seed	http://purl.obolibrary.org/obo/PO_0009010	24 days after pollination	http://purl.obolibrary.org/obo/PO_0009010	seed	http://purl.obolibrary.org/obo/PO_0009010	Yes
SRR531946	B73 inbred line	http://www.ebi.ac.uk/efo/EFO_0007022	24 days after pollination	http://purl.obolibrary.org/obo/PO_0009010	Zea mays	http://purl.obolibrary.org/obo/NCBITaxon_4577	endosperm	http://purl.obolibrary.org/obo/PO_0009089	24 days after pollination	http://purl.obolibrary.org/obo/PO_0009010	endosperm	http://purl.obolibrary.org/obo/PO_0009089	Yes
SRR533828	B73 inbred line	http://www.ebi.ac.uk/efo/EFO_0007022	24 days after pollination	http://purl.obolibrary.org/obo/PO_0009010	Zea mays	http://purl.obolibrary.org/obo/NCBITaxon_4577	endosperm	http://purl.obolibrary.org/obo/PO_0009089	24 days after pollination	http://purl.obolibrary.org/obo/PO_0009010	endosperm	http://purl.obolibrary.org/obo/PO_0009089	Yes
SRR533829	B73 inbred line	http://www.ebi.ac.uk/efo/EFO_0007022	24 days after pollination	http://purl.obolibrary.org/obo/PO_0009010	Zea mays	http://purl.obolibrary.org/obo/NCBITaxon_4577	endosperm	http://purl.obolibrary.org/obo/PO_0009089	24 days after pollination	http://purl.obolibrary.org/obo/PO_0009010	endosperm	http://purl.obolibrary.org/obo/PO_0009089	Yes
SRR533835	B73 inbred line	http://www.ebi.ac.uk/efo/EFO_0007022	24 days after pollination	http://purl.obolibrary.org/obo/PO_0009010	Zea mays	http://purl.obolibrary.org/obo/NCBITaxon_4577	plant embryo	http://purl.obolibrary.org/obo/PO_0009009	24 days after pollination	http://purl.obolibrary.org/obo/PO_0009010	plant embryo	http://purl.obolibrary.org/obo/PO_0009009	Yes
SRR533845	B73 inbred line	http://www.ebi.ac.uk/efo/EFO_0007022	24 days after pollination	http://purl.obolibrary.org/obo/PO_0009010	Zea mays	http://purl.obolibrary.org/obo/NCBITaxon_4577	plant embryo	http://purl.obolibrary.org/obo/PO_0009009	24 days after pollination	http://purl.obolibrary.org/obo/PO_0009010	plant embryo	http://purl.obolibrary.org/obo/PO_0009009	Yes
SRR533848	B73 inbred line	http://www.ebi.ac.uk/efo/EFO_0007022	24 days after pollination	http://purl.obolibrary.org/obo/PO_0009010	Zea mays	http://purl.obolibrary.org/obo/NCBITaxon_4577	plant embryo	http://purl.obolibrary.org/obo/PO_0009009	24 days after pollination	http://purl.obolibrary.org/obo/PO_0009010	plant embryo	http://purl.obolibrary.org/obo/PO_0009009	Yes
SRR940236	B73 inbred line	http://www.ebi.ac.uk/efo/EFO_0007022	LP.01 one leaf visible stage	http://purl.obolibrary.org/obo/PO_0007094	Zea mays	http://purl.obolibrary.org/obo/NCBITaxon_4577	leaf	http://purl.obolibrary.org/obo/PO_0025034	LP.01 one leaf visible stage	http://purl.obolibrary.org/obo/PO_0007094	leaf	http://purl.obolibrary.org/obo/PO_0025034	Yes
SRR940237	B73 inbred line	http://www.ebi.ac.uk/efo/EFO_0007022	LP.09 nine leaves visible stage	http://purl.obolibrary.org/obo/PO_0007101	Zea mays	http://purl.obolibrary.org/obo/NCBITaxon_4577	eighth leaf		LP.09 nine leaves visible stage	http://purl.obolibrary.org/obo/PO_0007101	eighth leaf		Yes
SRR940238	B73 inbred line	http://www.ebi.ac.uk/efo/EFO_0007022	LP.09 nine leaves visible stage	http://purl.obolibrary.org/obo/PO_0007101	Zea mays	http://purl.obolibrary.org/obo/NCBITaxon_4577	eighth leaf		LP.09 nine leaves visible stage	http://purl.obolibrary.org/obo/PO_0007101	eighth leaf		Yes
SRR940239	B73 inbred line	http://www.ebi.ac.uk/efo/EFO_0007022	LP.09 nine leaves visible stage	http://purl.obolibrary.org/obo/PO_0007101	Zea mays	http://purl.obolibrary.org/obo/NCBITaxon_4577	eighth leaf		LP.09 nine leaves visible stage	http://purl.obolibrary.org/obo/PO_0007101	eighth leaf		Yes
SRR940249	B73 inbred line	http://www.ebi.ac.uk/efo/EFO_0007022	LP.09 nine leaves visible stage	http://purl.obolibrary.org/obo/PO_0007101	Zea mays	http://purl.obolibrary.org/obo/NCBITaxon_4577	eleventh leaf		LP.09 nine leaves visible stage	http://purl.obolibrary.org/obo/PO_0007101	eleventh leaf		Yes
SRR940250	B73 inbred line	http://www.ebi.ac.uk/efo/EFO_0007022	LP.09 nine leaves visible stage	http://purl.obolibrary.org/obo/PO_0007101	Zea mays	http://purl.obolibrary.org/obo/NCBITaxon_4577	eleventh leaf		LP.09 nine leaves visible stage	http://purl.obolibrary.org/obo/PO_0007101	eleventh leaf		Yes
SRR940251	B73 inbred line	http://www.ebi.ac.uk/efo/EFO_0007022	LP.09 nine leaves visible stage	http://purl.obolibrary.org/obo/PO_0007101	Zea mays	http://purl.obolibrary.org/obo/NCBITaxon_4577	eleventh leaf		LP.09 nine leaves visible stage	http://purl.obolibrary.org/obo/PO_0007101	eleventh leaf		Yes
SRR940252	B73 inbred line	http://www.ebi.ac.uk/efo/EFO_0007022	LP.09 nine leaves visible stage	http://purl.obolibrary.org/obo/PO_0007101	Zea mays	http://purl.obolibrary.org/obo/NCBITaxon_4577	thirteenth leaf		LP.09 nine leaves visible stage	http://purl.obolibrary.org/obo/PO_0007101	thirteenth leaf		Yes
SRR940253	B73 inbred line	http://www.ebi.ac.uk/efo/EFO_0007022	LP.09 nine leaves visible stage	http://purl.obolibrary.org/obo/PO_0007101	Zea mays	http://purl.obolibrary.org/obo/NCBITaxon_4577	thirteenth leaf		LP.09 nine leaves visible stage	http://purl.obolibrary.org/obo/PO_0007101	thirteenth leaf		Yes
SRR940254	B73 inbred line	http://www.ebi.ac.uk/efo/EFO_0007022	LP.09 nine leaves visible stage	http://purl.obolibrary.org/obo/PO_0007101	Zea mays	http://purl.obolibrary.org/obo/NCBITaxon_4577	thirteenth leaf		LP.09 nine leaves visible stage	http://purl.obolibrary.org/obo/PO_0007101	thirteenth leaf		Yes
SRR940255	B73 inbred line	http://www.ebi.ac.uk/efo/EFO_0007022	LP.09 nine leaves visible stage	http://purl.obolibrary.org/obo/PO_0007101	Zea mays	http://purl.obolibrary.org/obo/NCBITaxon_4577	immature leaves		LP.09 nine leaves visible stage	http://purl.obolibrary.org/obo/PO_0007101	immature leaves		Yes
SRR940256	B73 inbred line	http://www.ebi.ac.uk/efo/EFO_0007022	LP.09 nine leaves visible stage	http://purl.obolibrary.org/obo/PO_0007101	Zea mays	http://purl.obolibrary.org/obo/NCBITaxon_4577	immature leaves		LP.09 nine leaves visible stage	http://purl.obolibrary.org/obo/PO_0007101	immature leaves		Yes
SRR940257	B73 inbred line	http://www.ebi.ac.uk/efo/EFO_0007022	LP.09 nine leaves visible stage	http://purl.obolibrary.org/obo/PO_0007101	Zea mays	http://purl.obolibrary.org/obo/NCBITaxon_4577	immature leaves		LP.09 nine leaves visible stage	http://purl.obolibrary.org/obo/PO_0007101	immature leaves		Yes
SRR940258	B73 inbred line	http://www.ebi.ac.uk/efo/EFO_0007022	LP.18 eighteen leaves visible stage	http://purl.obolibrary.org/obo/PO_0007072	Zea mays	http://purl.obolibrary.org/obo/NCBITaxon_4577	meiotic tassel		LP.18 eighteen leaves visible stage	http://purl.obolibrary.org/obo/PO_0007072	meiotic tassel		Yes
SRR940259	B73 inbred line	http://www.ebi.ac.uk/efo/EFO_0007022	whole plant flowering stage	http://purl.obolibrary.org/obo/PO_0007016	Zea mays	http://purl.obolibrary.org/obo/NCBITaxon_4577	thirteenth leaf		whole plant flowering stage	http://purl.obolibrary.org/obo/PO_0007016	thirteenth leaf		Yes
SRR940260	B73 inbred line	http://www.ebi.ac.uk/efo/EFO_0007022	whole plant flowering stage	http://purl.obolibrary.org/obo/PO_0007016	Zea mays	http://purl.obolibrary.org/obo/NCBITaxon_4577	thirteenth leaf		whole plant flowering stage	http://purl.obolibrary.org/obo/PO_0007016	thirteenth leaf		Yes
SRR940274	B73 inbred line	http://www.ebi.ac.uk/efo/EFO_0007022	whole plant flowering stage	http://purl.obolibrary.org/obo/PO_0007016	Zea mays	http://purl.obolibrary.org/obo/NCBITaxon_4577	thirteenth leaf		whole plant flowering stage	http://purl.obolibrary.org/obo/PO_0007016	thirteenth leaf		Yes
SRR940276	B73 inbred line	http://www.ebi.ac.uk/efo/EFO_0007022	whole plant fruit formation stage 30 to 50%	http://purl.obolibrary.org/obo/PO_0007029	Zea mays	http://purl.obolibrary.org/obo/NCBITaxon_4577	thirteenth leaf		whole plant fruit formation stage 30 to 50%	http://purl.obolibrary.org/obo/PO_0007029	thirteenth leaf		Yes
SRR940278	B73 inbred line	http://www.ebi.ac.uk/efo/EFO_0007022	whole plant fruit formation stage 30 to 50%	http://purl.obolibrary.org/obo/PO_0007029	Zea mays	http://purl.obolibrary.org/obo/NCBITaxon_4577	thirteenth leaf		whole plant fruit formation stage 30 to 50%	http://purl.obolibrary.org/obo/PO_0007029	thirteenth leaf		Yes
SRR940279	B73 inbred line	http://www.ebi.ac.uk/efo/EFO_0007022	whole plant fruit formation stage 30 to 50%	http://purl.obolibrary.org/obo/PO_0007029	Zea mays	http://purl.obolibrary.org/obo/NCBITaxon_4577	thirteenth leaf		whole plant fruit formation stage 30 to 50%	http://purl.obolibrary.org/obo/PO_0007029	thirteenth leaf		Yes
SRR940280	B73 inbred line	http://www.ebi.ac.uk/efo/EFO_0007022	10 days after pollination	http://purl.obolibrary.org/obo/PO_0009010	Zea mays	http://purl.obolibrary.org/obo/NCBITaxon_4577	seed	http://purl.obolibrary.org/obo/PO_0009010	10 days after pollination	http://purl.obolibrary.org/obo/PO_0009010	seed	http://purl.obolibrary.org/obo/PO_0009010	Yes
SRR940281	B73 inbred line	http://www.ebi.ac.uk/efo/EFO_0007022	10 days after pollination	http://purl.obolibrary.org/obo/PO_0009010	Zea mays	http://purl.obolibrary.org/obo/NCBITaxon_4577	seed	http://purl.obolibrary.org/obo/PO_0009010	10 days after pollination	http://purl.obolibrary.org/obo/PO_0009010	seed	http://purl.obolibrary.org/obo/PO_0009010	Yes
SRR940283	B73 inbred line	http://www.ebi.ac.uk/efo/EFO_0007022	12 days after pollination	http://purl.obolibrary.org/obo/PO_0009010	Zea mays	http://purl.obolibrary.org/obo/NCBITaxon_4577	seed	http://purl.obolibrary.org/obo/PO_0009010	12 days after pollination	http://purl.obolibrary.org/obo/PO_0009010	seed	http://purl.obolibrary.org/obo/PO_0009010	Yes
SRR940284	B73 inbred line	http://www.ebi.ac.uk/efo/EFO_0007022	12 days after pollination	http://purl.obolibrary.org/obo/PO_0009010	Zea mays	http://purl.obolibrary.org/obo/NCBITaxon_4577	seed	http://purl.obolibrary.org/obo/PO_0009010	12 days after pollination	http://purl.obolibrary.org/obo/PO_0009010	seed	http://purl.obolibrary.org/obo/PO_0009010	Yes
SRR940286	B73 inbred line	http://www.ebi.ac.uk/efo/EFO_0007022	12 days after pollination	http://purl.obolibrary.org/obo/PO_0009010	Zea mays	http://purl.obolibrary.org/obo/NCBITaxon_4577	seed	http://purl.obolibrary.org/obo/PO_0009010	12 days after pollination	http://purl.obolibrary.org/obo/PO_0009010	seed	http://purl.obolibrary.org/obo/PO_0009010	Yes
SRR940287	B73 inbred line	http://www.ebi.ac.uk/efo/EFO_0007022	12 days after pollination	http://purl.obolibrary.org/obo/PO_0009010	Zea mays	http://purl.obolibrary.org/obo/NCBITaxon_4577	endosperm	http://purl.obolibrary.org/obo/PO_0009089	12 days after pollination	http://purl.obolibrary.org/obo/PO_0009010	endosperm	http://purl.obolibrary.org/obo/PO_0009089	Yes
SRR940289	B73 inbred line	http://www.ebi.ac.uk/efo/EFO_0007022	12 days after pollination	http://purl.obolibrary.org/obo/PO_0009010	Zea mays	http://purl.obolibrary.org/obo/NCBITaxon_4577	endosperm	http://purl.obolibrary.org/obo/PO_0009089	12 days after pollination	http://purl.obolibrary.org/obo/PO_0009010	endosperm	http://purl.obolibrary.org/obo/PO_0009089	Yes
SRR940290	B73 inbred line	http://www.ebi.ac.uk/efo/EFO_0007022	14 days after pollination	http://purl.obolibrary.org/obo/PO_0009010	Zea mays	http://purl.obolibrary.org/obo/NCBITaxon_4577	seed	http://purl.obolibrary.org/obo/PO_0009010	14 days after pollination	http://purl.obolibrary.org/obo/PO_0009010	seed	http://purl.obolibrary.org/obo/PO_0009010	Yes
SRR940291	B73 inbred line	http://www.ebi.ac.uk/efo/EFO_0007022	14 days after pollination	http://purl.obolibrary.org/obo/PO_0009010	Zea mays	http://purl.obolibrary.org/obo/NCBITaxon_4577	seed	http://purl.obolibrary.org/obo/PO_0009010	14 days after pollination	http://purl.obolibrary.org/obo/PO_0009010	seed	http://purl.obolibrary.org/obo/PO_0009010	Yes
SRR940292	B73 inbred line	http://www.ebi.ac.uk/efo/EFO_0007022	14 days after pollination	http://purl.obolibrary.org/obo/PO_0009010	Zea mays	http://purl.obolibrary.org/obo/NCBITaxon_4577	endosperm	http://purl.obolibrary.org/obo/PO_0009089	14 days after pollination	http://purl.obolibrary.org/obo/PO_0009010	endosperm	http://purl.obolibrary.org/obo/PO_0009089	Yes
SRR940293	B73 inbred line	http://www.ebi.ac.uk/efo/EFO_0007022	16 days after pollination	http://purl.obolibrary.org/obo/PO_0009010	Zea mays	http://purl.obolibrary.org/obo/NCBITaxon_4577	seed	http://purl.obolibrary.org/obo/PO_0009010	16 days after pollination	http://purl.obolibrary.org/obo/PO_0009010	seed	http://purl.obolibrary.org/obo/PO_0009010	Yes
SRR940294	B73 inbred line	http://www.ebi.ac.uk/efo/EFO_0007022	16 days after pollination	http://purl.obolibrary.org/obo/PO_0009010	Zea mays	http://purl.obolibrary.org/obo/NCBITaxon_4577	endosperm	http://purl.obolibrary.org/obo/PO_0009089	16 days after pollination	http://purl.obolibrary.org/obo/PO_0009010	endosperm	http://purl.obolibrary.org/obo/PO_0009089	Yes
SRR940295	B73 inbred line	http://www.ebi.ac.uk/efo/EFO_0007022	16 days after pollination	http://purl.obolibrary.org/obo/PO_0009010	Zea mays	http://purl.obolibrary.org/obo/NCBITaxon_4577	endosperm	http://purl.obolibrary.org/obo/PO_0009089	16 days after pollination	http://purl.obolibrary.org/obo/PO_0009010	endosperm	http://purl.obolibrary.org/obo/PO_0009089	Yes
SRR940296	B73 inbred line	http://www.ebi.ac.uk/efo/EFO_0007022	16 days after pollination	http://purl.obolibrary.org/obo/PO_0009010	Zea mays	http://purl.obolibrary.org/obo/NCBITaxon_4577	endosperm	http://purl.obolibrary.org/obo/PO_0009089	16 days after pollination	http://purl.obolibrary.org/obo/PO_0009010	endosperm	http://purl.obolibrary.org/obo/PO_0009089	Yes
SRR940297	B73 inbred line	http://www.ebi.ac.uk/efo/EFO_0007022	16 days after pollination	http://purl.obolibrary.org/obo/PO_0009010	Zea mays	http://purl.obolibrary.org/obo/NCBITaxon_4577	plant embryo	http://purl.obolibrary.org/obo/PO_0009009	16 days after pollination	http://purl.obolibrary.org/obo/PO_0009010	plant embryo	http://purl.obolibrary.org/obo/PO_0009009	Yes
SRR940298	B73 inbred line	http://www.ebi.ac.uk/efo/EFO_0007022	16 days after pollination	http://purl.obolibrary.org/obo/PO_0009010	Zea mays	http://purl.obolibrary.org/obo/NCBITaxon_4577	plant embryo	http://purl.obolibrary.org/obo/PO_0009009	16 days after pollination	http://purl.obolibrary.org/obo/PO_0009010	plant embryo	http://purl.obolibrary.org/obo/PO_0009009	Yes
SRR940299	B73 inbred line	http://www.ebi.ac.uk/efo/EFO_0007022	16 days after pollination	http://purl.obolibrary.org/obo/PO_0009010	Zea mays	http://purl.obolibrary.org/obo/NCBITaxon_4577	plant embryo	http://purl.obolibrary.org/obo/PO_0009009	16 days after pollination	http://purl.obolibrary.org/obo/PO_0009010	plant embryo	http://purl.obolibrary.org/obo/PO_0009009	Yes
SRR940300	B73 inbred line	http://www.ebi.ac.uk/efo/EFO_0007022	18 days after pollination	http://purl.obolibrary.org/obo/PO_0009010	Zea mays	http://purl.obolibrary.org/obo/NCBITaxon_4577	seed	http://purl.obolibrary.org/obo/PO_0009010	18 days after pollination	http://purl.obolibrary.org/obo/PO_0009010	seed	http://purl.obolibrary.org/obo/PO_0009010	Yes
